"runnumber","runstarttime","rundescription","HV","Max HV leakage","LDET armor","LDET bias","LDET leakage","UDET armor","UDET ring","UDET bias","UDET leakage","SNS power","Beamline status","UDET","MAIN","Max bore pressure","ExB voltage","errorcode"
9037,1764353934000,Pulser test run while UDET is ramping down,0,0.238834,127.49635127307604,300,36.80911,134.19734869919438,120.00350481405432,300,0.007683216,0,0,22,86,1.042e-8,0,0
9036,1764350278000,"Standard source run (2xCd, 3xBi) with standard thresholds, LDET 130K, UDET 134K, position 34; 2.7, UDET/MAIN 137.2A, LDET/UDET bias -300V, UDET HV -27kV, ExB -2kV",27,0.238834,129.78125686280464,300,35.3554,134.20867901565438,120.00189522191098,300,0.007485655,0,0,137,137,9.263e-9,-1999,0
9035,1764347688000,"Standard source run (2xCd, 3xBi) with standard thresholds, LDET 130K, UDET 134K, position 33.6; 2.7, UDET/MAIN 137.2A, LDET/UDET bias -300V, UDET HV -27kV, ExB -2kV",27,0.238834,129.83322990027656,300,35.32296,134.213279100501,120.00258119002632,300,0.007637368,0,0,137,137,9.255e-9,-1999,0
9034,1764343307000,Pulser test run,27,0.238834,129.8567131069503,300,35.3328,134.2187737988996,120.00421186395593,300,0.008843688,0,0,137,137,9.255e-9,-1999,0
9033,1764306368000,"Standard source run (2xCd, 3xBi) while reducing detector temperatures (LDET 149K -> 129K, UDET 153K -> 133K), position 33.6; 2.7, UDET/MAIN 137.2A, LDET/UDET bias -300V, UDET HV -27kV, ExB -2kV",27,1.663082,132.8180638931686,300,35.45573,136.84364654181468,120.26539621630607,300,0.01706545,0,0,137,137,9.322e-9,-1999,0
9032,1764301385000,"Standard source run (2xCd, 3xBi), LDET 149K, UDET 153K, position 33.6; 2.7, UDET/MAIN 137.2A, LDET/UDET bias -300V, UDET HV -27kV, ExB -2kV",27,3.290795,149.19452507518162,300,31.03443,152.7967793385852,140.0394615378774,300,0.01707917,0,0,137,137,9.322e-9,-1999,0
9031,1764277788000,"Standard source run (2xCd, 3xBi), while lowering detector temperatures (LDET 168K -> 148K, UDET 170K -> 150K), position 33.6; 2.7, UDET/MAIN 137.2A, LDET/UDET bias -300V, UDET HV -27kV, ExB -2kV",27,0.238834,151.63761969957253,300,31.64745,157.60222902243686,141.16192066402544,300,0.04712602,0,0,137,137,9.364e-9,-1999,0
9030,1764274760000,"Standard source run (2xCd, 3xBi), LDET 168K, UDET 170K, position 33.6; 2.7, UDET/MAIN 137.2A, LDET/UDET bias -300V, UDET HV -27kV, ExB -2kV",27,0.238834,168.27620504755845,300,16.25403,170.35141421527396,160.00833641610495,300,0.04723173,0,0,137,137,9.33e-9,-1999,0
9029,1764271091000,"Standard source run (2xCd, 3xBi), LDET 168K, UDET 170K, position 34; 2.7, UDET/MAIN 137.2A, LDET/UDET bias -300V, UDET HV -27kV, ExB -2kV",27,2.070011,168.26473764589213,300,16.22696,170.33859747314452,160.00407045491536,300,0.0473421,0,0,137,137,9.322e-9,-1999,0
9028,1764268033000,pulser test run,,,168.25488300741154,300,16.2202,170.3236315381396,160.00687400063316,300,0.04792576,0,0,137,137,9.313e-9,-1999,0
9027,1764265166000,Pulser test run,,,168.24093724300988,300,16.16297,170.30881796077807,160.00503228635205,300,0.04824756,0,0,137,137,9.263e-9,-1999,0
9026,1764263966000,"Standard source run (2xCd, 3xBi), further increased thresholds on noisy pixels, LDET 168K, UDET 170K, position 34; 2.7, UDET/MAIN 137.2A, LDET/UDET bias -300V, UDET HV -27kV, ExB -2kV",25,0.238834,168.23807199565206,300,16.17316,170.3050361234979,160.00645036199487,300,0.04828067,0,0,137,137,9.263e-9,-1999,0
9025,1764252251000,"Standard source run (2xCd, 3xBi), further increased thresholds on noisy pixels while increasing detector temperatures by 20K (LDET 149K -> 169K, UDET 153K -> 173K), position 34; 2.7, UDET/MAIN 137.2A, LDET/UDET bias -300V, UDET HV -27kV, ExB -2kV restart of prev run",27,0.238834,168.18884681331562,300,16.13051,170.2591186680206,160.00926100500098,300,0.04930268,0,0,137,137,9.263e-9,-1999,0
9024,1764225779000,"Standard source run (2xCd, 3xBi), further increased thresholds on noisy pixels while increasing detector temperatures by 20K (LDET 149K -> 169K, UDET 153K -> 173K), position 34; 2.7, UDET/MAIN 137.2A, LDET/UDET bias -300V, UDET HV -27kV, ExB -2kV",27,0.238834,165.61166687637933,300,29.38739,168.09479611983852,160.1569086473741,300,0.05082309,0,0,137,137,9.263e-9,-1999,0
9023,1764225135000,"Standard source run (2xCd, 3xBi), further increased thresholds on noisy pixels while increasing detector temperatures by 20K (LDET 149K -> 169K, UDET 153K -> 173K), position 34; 2.7, UDET/MAIN 137.2A, LDET/UDET bias -300V, UDET HV -27kV, ExB -2kV",27,0.03537,150.92744240394006,300,30.06173,155.1111910893367,155.54582713200494,300,0.02518724,0,0,137,137,9.23e-9,-1999,0
9022,1764223153000,"Standard source run (2xCd, 3xBi), further increased thresholds on noisy pixels while increasing detector temperatures by 20K (LDET 149K -> 169K, UDET 153K -> 173K), position 34; 2.7, UDET/MAIN 137.2A, LDET/UDET bias -300V, UDET HV -27kV, ExB -2kV",27,22.009485,149.24827937534877,300,30.68435,153.25689955160652,145.20468711315746,299.76940814757876,0.02352721,0,0,137,137,9.288e-9,-1999,0
9021,1764219707000,"Standard source run (2xCd, 3xBi), after cycling preamp/FET power, LDET 149K, UDET 153K, position 34; 2.7, UDET/MAIN 137.2A, LDET/UDET bias -300V, UDET HV -27kV, ExB -2kV",27,0.03537,149.04990621899802,300,30.68034,153.06299112769076,140.0115904035189,300,0.02310578,0,0,137,137,9.272e-9,-1999,0
9020,1764210385000,"Standard source run (2xCd, 3xBi), further increased thresholds on noisy pixels while increasing detector temperatures by 20K (LDET 130K -> 150K, UDET 135K -> 155K), position 34; 2.7, UDET/MAIN 137.2A, LDET/UDET bias -300V, UDET HV -27kV, ExB -2kV",27,0.03537,149.22482288966378,300,30.70127,152.77358415267594,140.06207052726987,300,0.02323415,0,0,137,137,9.372e-9,-1999,0
9019,1764209507000,"Standard source run (2xCd, 3xBi), further increased thresholds on noisy pixels while increasing detector temperatures by 20K (LDET 130K -> 150K, UDET 135K -> 155K), position 34; 2.7, UDET/MAIN 137.2A, LDET/UDET bias -300V, UDET HV -27kV, ExB -2kV",27,0.03537,149.50306701660156,300,30.48162,151.95020039876303,140.18506825764973,300,0.0225139,0,0,137,137,9.389e-9,-1999,0
9018,1764208797000,"Standard source run (2xCd, 3xBi), further increased thresholds on noisy pixels while increasing detector temperatures by 20K (LDET 130K -> 150K, UDET 135K -> 155K), position 34; 2.7, UDET/MAIN 137.2A, LDET/UDET bias -300V, UDET HV -27kV, ExB -2kV",27,0.03537,149.4875030517578,300,30.46925,151.67649841308594,140.21749877929688,300,0.02219495,0,0,137,137,9.381e-9,-1999,0
9017,1764202389000,"Standard source run (2xCd, 3xBi), increased thresholds on noisy pixels while increasing detector temperatures by 20K (LDET 130K -> 150K, UDET 135K -> 155K), position 34; 2.7, UDET/MAIN 137.2A, LDET/UDET bias -300V, UDET HV -27kV, ExB -2kV",27,0.03537,147.04113842999493,300,34.1021,148.98529021086517,140.6989446456344,300,0.02196049,0,0,137,137,9.423e-9,-1999,0
9016,1764198114000,"Standard source run (2xCd, 3xBi) while increasing detector temperatures by 20K (LDET 130K -> 150K, UDET 135K -> 155K), position 34; 2.7, UDET/MAIN 137.2A, LDET/UDET bias -300V, UDET HV -27kV, ExB -2kV",27,0.03537,133.15625070884352,300,35.36109,137.7671460110717,135.41367498292513,300,0.01250056,0,0,137,137,9.457e-9,-1999,0
9015,1764196014000,"Standard source run (2xCd, 3xBi), pulser attenuation set properly, position 34; 2.7, UDET/MAIN 137.2A, LDET/UDET bias -300V, UDET HV -27kV, ExB -2kV, UDET 135K, LDET 130K",27,0.238834,129.93792268271758,300,35.3716,134.71820793665043,120.00937000839166,300,0.007548936,0,0,137,137,9.508e-9,-1999,0
9014,1764176718000,"Standard source run (2xCd, 3xBi), position 34; 2.7, UDET/MAIN 137.2A, LDET/UDET bias -300V, ExB -2kV, UDET 135K, LDET 130K restart of prev run",27,0.238834,129.9325709502838,300,35.43653,134.70531707507348,120.01621240495221,300,0.007584907,0,0,137,137,9.465e-9,-1999,0
9013,1764022880000,"Standard source run (2xCd, 3xBi), position 34; 2.7, UDET/MAIN 137.2A, LDET/UDET bias -300V, ExB -2kV, UDET 135K, LDET 130K",27,3.494259,129.9389703604886,300,36.06268,134.66182582667602,120.00123471616179,300,0.008978444,0,0,137,137,9.049e-9,-1999,0
9012,1764020662000,"pulser disconnected, tempterature monitor turned off, pulser feedthrough capped, source run (2xCd, 3xBi), position 34; 2.7, UDET/MAIN 137.2A, LDET/UDET bias -300V, ExB -2kV, UDET 135K, LDET 130K",27,0.03537,,300,36.16243,134.66186289543654,120.00151255066957,300,0.009105642,0,0,137,137,8.887e-9,-1999,0
9011,1764018279000,"Standard source run (2xCd, 3xBi), position 34; 2.7, UDET/MAIN 137.2A, LDET/UDET bias -300V, ExB -2kV, UDET 135K, LDET 130K",27,0.03537,129.8455816224564,300,36.27468,134.66153645686967,120.01309396208619,300,0.009301449,0,0,137,137,8.911e-9,-1999,0
9010,1764016023000,"Attempt to reduce noise with sources inserted, pulser at 60Hz, unplugging preamps one by one, plugging each back in on their own, then plugging all back in one by one, each for about 30s, MAIN/UDET 137.2A, UDET/LDET bias -300V, ExB -2kV, LDET 130K, UDET 134K",27,0.238834,129.98191082234285,300,36.40441,134.650700097335,120.031225104081,300,0.009576359,0,0,137,137,8.96e-9,-1999,0
9009,1764013380000,"Attempt to reduce noise with sources inserted, pulser at 60Hz, unplugging preamps one by one, plugging each back in on their own, then plugging all of them back in one by one, each for about 30s, MAIN/UDET 137.2A, UDET/LDET -300V, ExB -2kV, LDET 130K, UDET 135K",27,0.03537,129.9701151087664,300,36.87858,134.61580594380698,119.98975065019395,300,0.01047624,0,0,137,137,9.106e-9,-1999,0
9008,1763828556000,Proton run (standard settings) after extracting monochromator and stopping chopper,27,0.03537,129.90459732982993,300,36.32128,134.64404438392566,120.00843638703283,300,0.008092362,1905,2,137,137,1.329e-8,-1999,0
9007,1763775073000,Restart overnight proton run (standard settings) after extracting monochromator and stopping chopper,27,0.238834,129.90206693488216,300,37.30065,134.63790432220935,120.00262427966351,300,0.009581681,1823,2,137,137,1.323e-8,-1999,0
9006,1763773161000,Overnight proton run (standard settings),27,0.238834,129.87644855792706,300,37.59784,134.60424809353796,120.01133928678087,300,0.01019795,1909,1,137,137,1.073e-8,-1999,0
9005,1763768675000,DAQ DT Firmware Run,27,0.238834,129.90009053548178,300,36.01642,134.62976339784694,119.99877058721222,300,0.007481248,1920,1,137,137,1.081e-8,-1999,0
9004,1763757187000,DAQ DT Firmware Test,27,0.238834,129.91816171923068,300,36.07331,134.62867704503677,120.00363395541322,300,0.007503484,1878,1,137,137,1.096e-8,-1999,0
9003,1763753727000,DAQ DT Firmware updated,27,0.238834,129.91412150566214,300,36.0469,134.62756405236587,120.0060895164058,300,0.00749752,1897,1,137,137,1.073e-8,-1999,0
9002,1763751587000,DAQ DT Firmware,27,0.238834,129.90958352954362,300,36.06098,134.625051310911,120.00775125794492,300,0.007505665,1901,1,137,137,1.083e-8,-1999,0
9001,1763737625000,DAQ Testing firmware,27,0.238834,129.90225125098414,300,36.02643,134.62012824459353,119.9946545034215,300,0.007516822,1903,1,137,137,1.08e-8,-1999,0
9000,1763682156000,Overnight Proton Run (standard settings),27,0.238834,129.9046291392126,300,36.33828,134.62422763095813,119.99927934477506,300,0.007572713,1832,1,137,137,1.116e-8,-1999.000203998368,0
8999,1763591939000,Continuation of DAQ Detector timing sync. after replugging LDET preamp V.,,,129.88603964490352,300,35.5788,134.62887773895088,119.99907514705707,300,0.007772658,1905,0,137,137,9.089e-9,-1999,0
8998,1763569551000,DAQ Detector timing sync. Replugged lower chassis cable,,,129.88437934841636,300,35.7417,134.63803729968228,119.9963016202937,300,0.007918591,1817,0,137,137,9.18e-9,-1999,0
8997,1763568550000,DAQ Detector Timing Sync Test,,,129.91499803651055,300,35.57406,134.6414053386153,120.00121652594518,300,0.00792561,1864,0,137,137,9.065e-9,-1999,0
8996,1763568490000,Forgot to change settings...,,,129.91600036621094,300,35.50127,,,300,0.007868226,,,,,9.016e-9,-1999,0
8995,1763562978000,MAIN/UDET 137.2A UDET -300V LDET -300V MAIN 0V ExB -2kV shutter closed Beam off,1,0.238834,129.9118653758238,300,35.65731,134.6399219751873,120.01700647242899,300,0.007988619,1894,0,137,137,9.098e-9,-1999,0
8994,1763484699000,MAIN/UDET 137.2A UDET -300V LDET -300V MAIN 0V ExB -2kV shutter closed Beam off,27,0.238834,129.89330230640508,300,37.01174,134.63599065648359,120.00328123413524,300,0.0102978,1213,0,137,137,9.508e-9,-1999,0
8993,1763475570000,"MAIN/UDET 137.2A UDET -300V LDET -300V MAIN 0V ExB -2kV shutter closed, Keithley swapped back to original",27,0.03537,129.875518641521,300,35.84381,134.60882225815132,120.00843157087054,300,0.006869929,0,0,137,137,8.943e-9,-1999,0
8992,1763415569000,"MAIN/UDET 137.2A UDET -300V LDET -300V MAIN 0V ExB -2kV shutter closed, Keithley swapped back to original",27,0.238834,129.91267397075973,300,36.02874,134.61813954283713,119.99596438550464,300,0.006905712,1766,0,137,137,9.288e-9,-1999,0
8991,1763414266000,"Swapped Keysight, Lower preamp 60 Hz, pulser deviation test",27,0.03537,129.6157315382317,300,35.06842,134.62711546850986,120.00923206767098,300,0.006883783,1774,0,137,137,9.288e-9,-1999,0
8990,1763391701000,MAIN/UDET 137.2A UDET -300 V LDET -300 V MAIN 0V ExB - 2 kV shutter closed,27,0.238834,129.86857483118467,300,35.17007,134.61974332900667,120.01092878323927,300,0.006907744,1897,0,137,137,9.364e-9,-1999,0
8989,1763325119000,"Background run with original Keithley bias supply, bias cables replaced, MAIN/UDET 137.2A UDET -300 V LDET -300 V MAIN 0V ExB - 1.5 kV shutter closed",27,0.238834,129.85473909145787,300,35.30135,134.62771431766637,119.9954585835112,300,0.007003281,1892,0,137,137,9.83e-9,-1499.5291563275434,0
8988,1763312822000,"
Proton run with Modified Chomper Settings, 13B and 13A Secondary Shutters OPEN, MAIN/UDET 137.2A UDET -300 V LDET -300 V MAIN 0V ExB - 1.5 kV",27,0.238834,129.83892947318418,300,36.09171,134.6492364022152,120.00396915135916,300,0.007021294,1904,1,137,137,1.01e-8,-1499.4996496145761,0
8987,1763308035000,"Background run with original Keithley bias supply, bias cables replaced, MAIN/UDET 137.2A UDET -300 V LDET -300 V MAIN 0V ExB - 1.5 kV shutter closed",27,0.238834,129.84645954889996,300,35.30571,134.65332198317034,120.01885363406757,300,0.006937392,1888,0,137,137,9.751e-9,-1499.48338150289,0
8986,1763217787000,"Background run with original Keithley bias supply, bias cables replaced, MAIN/UDET 137.2A UDET -300 V LDET -300 V MAIN 0V ExB - 1.5 kV shutter closed",27,0.238834,129.8806735554699,300,35.50246,134.63272601671326,120.00139503872872,300,0.006979425,1637,0,137,137,1e-8,-1499.5231008693672,0
8985,1763148231000,"Background run with original Keithley bias supply, bias cables replaced, MAIN/UDET 137.2A UDET -300 V LDET -300 V MAIN 0V ExB - 1.5 kV shutter closed",27,0.238834,130.03490610321174,299.9947499212488,36.77227,134.56530893203532,120.00423845861542,300,0.007006075,1877,0,137,137,1.01e-8,-1499.5655415751282,0
8984,1763145188000,"Background run after replacing some LDET bias cables, MAIN/UDET 137.2A UDET -300 V LDET -300 V MAIN 0V ExB - 1.5 kV shutter closed",27,0.238834,130.226775970459,300,36.83255,134.4602992567905,120.05343372433684,300,0.00699264,1911,0,137,137,9.577e-9,-1499.4581673306773,0
8983,1763140643000,"Background run after reaplacing LDET Keithley bias supply, MAIN/UDET 137.2A UDET -300 V LDET -300 V MAIN 0V ExB - 1.5 kV shutter closed",27,0.238834,130.2133657010288,300,36.94677,134.44770868872382,120.07353549398434,300,0.007012092,1914,0,137,137,9.517e-9,-1499.3333333333333,0
8982,1763139917000,"Background run after reaplacing LDET Keithley bias supply, MAIN/UDET 137.2A UDET -300 V LDET -300 V MAIN 0V ExB - 1.5 kV shutter closed",27,0.03537,130.1840057373047,0,0,134.4355010986328,120.08150100708008,300,0.006969114,1913,0,137,137,9.414e-9,-1499,0
8981,1763137436000,MAIN/UDET 137.2A UDET -300 V LDET -300 V MAIN 0V ExB - 1.5 kV shutter closed,27,0.238834,130.23559299592048,300,34.93284,134.41864498888597,120.10546839885632,300,0.007022328,1915,0,137,137,9.457e-9,-1499.1653543307086,0
8980,1763130828000,MAIN/UDET 137.2A UDET -300 V LDET -300 V MAIN 0V ExB - 1.5 kV shutter closed,27,0.238834,130.17607650910344,300,35.24841,134.36621854590584,120.09609601258248,300,0.007051471,1912,0,137,137,9.482e-9,-1499.2995073891625,0
8979,1763089209000,MAIN/UDET 137.2A UDET -300 V LDET -300 V MAIN 0V ExB - 1.5 kV,27,0.238834,130.12856797602686,300,36.75383,134.34564094984827,119.991439178719,300,0.007144233,1910,2,137,137,1.173e-8,-1499.0375128468654,0
8978,1763080967000,MAIN/UDET 137.2A UDET -300 V LDET -50 V MAIN 0V ExB - 2 kV Singles Run,27,0.238834,130.00335026226836,50,0.09196928,134.36875003297217,119.99799089557698,300,0.00713931,1915,2,137,137,1.15e-8,-1999,0
8977,1763077152000,MAIN/UDET 137.2A UDET -300 V LDET -50 V MAIN 0V ExB 0 kV Singles Run,27,0.238834,129.89812148495412,50,0.1628847,134.36840406810964,119.99268332328505,300,0.007381083,1911,2,137,137,1.091e-8,0,0
8976,1763074370000,"Background run with lower HV box grounded, shutter closed, MAIN/UDET 137.2A UDET -300 V LDET -300 V MAIN 0V ExB -1.5 kV",27,0.238834,130.12350373348949,300,35.96938,134.36971637180872,120.00384163856506,300,0.006940541,1900,0,137,137,8.035e-9,0,0
8975,1763067587000,"Background run with lower HV box floating, shutter closed, this time with waveform requests turned on, MAIN/UDET 137.2A UDET -300 V LDET -300 V MAIN 0V ExB -1.5 kV",27,0.238834,130.0893911083847,300,36.25871,134.36583453148097,120.00199924533841,300,0.006980292,1845,0,137,137,8.404e-9,0,0
8974,1763066920000,"Background run with lower HV box floating, shutter closed, MAIN/UDET 137.2A UDET -300 V LDET -300 V MAIN 0V ExB -1.5 kV",27,0.03537,130.09829160902234,300,36.36315,134.3660160150743,120.01623930966943,300,0.006975986,1910,0,137,137,8.458e-9,0,0
8973,1763055308000,MAIN/UDET 137.2A UDET -300 V LDET -300 V MAIN 0V ExB -1.5 kV Shutter open,27,0.03537,130.16883224437385,300,36.10372,134.3600124224902,120.02008151899807,300,0.007149734,1896,2,137,137,1.194e-8,-1499.0027548209366,0
8972,1763043519000,MAIN/UDET 137.2A UDET -300 V LDET -50 V MAIN 0V ExB -1.5 kV Shutter open Singles Run,27,0.03537,130.13989087616048,300,36.16087,134.33796327450594,120.02074236959926,300,0.007145871,1906,2,137,137,1.189e-8,-1499,0
8971,1763032108000,MAIN/UDET 137.2A UDET -300 V LDET -50 V MAIN 0V ExB -1.5 kV Shutter open Singles Run restart of prev run restart of prev run,27,0.03537,130.12832066056464,300,36.23067,134.33222722986093,119.98186235229439,300,0.007147568,1910,2,137,137,1.173e-8,-1499.0032786885247,0
8970,1763016750000,MAIN/UDET 137.2A UDET -300 V LDET -50 V MAIN 0V ExB -1.5 kV Shutter open Singles Run restart of prev run,27,0.03537,130.1356780554775,300,36.17645,134.34356346471986,119.99807150541847,300,0.007172978,1891,2,137,137,1.178e-8,-1499.0021786492375,0
8969,1763001339000,MAIN/UDET 137.2A UDET -300 V LDET -50 V MAIN 0V ExB -1.5 kV Shutter open Singles Run,27,0.03537,130.15641717686594,300,36.61135,134.34049860825334,119.99819282883166,300,0.007312737,1884,2,137,137,1.18e-8,-1499.079948420374,0
8968,1762997082000,MAIN/UDET 137.2A UDET -300 V LDET -50 V MAIN 0V ExB 0 kV Shutter open,27,-0.168094,130.11133176861387,50,0.06808631,134.3322875860231,120.00007619700256,300,0.007167471,1915,2,137,137,1.176e-8,0,0
8967,1762989620000,MAIN/UDET 137.2A UDET -300 V LDET -50 V MAIN 0V ExB 1 kV Shutter open,27,0.03537,130.12877926225036,50,0.06911095,134.3333586576716,119.98687628411122,300,0.007165333,1912,2,137,137,1.174e-8,-999.7519685039371,0
8966,1762983877000,"MAIN/UDET 137.2A UDET -300 V LDET -50 V MAIN 0V ExB 0 V Shutter open, restart after DAQ computer crash",27,-0.168094,130.14484049479168,50,0.0701016,134.32761826983628,120.02155262637199,300,0.007150221,1909,2,137,137,1.167e-8,0,0
8965,1762983852000,MAIN/UDET 137.2A UDET -300 V LDET -50 V MAIN 0V ExB 0 V Shutter open,27,-0.168094,130.13249969482422,50,0.06958162,134.32200622558594,120.01599884033203,300,0.007111396,1909,2,137,137,1.156e-8,0,0
8963,1762975322000,MAIN/UDET 137.2 A UDET -300 V LDET -50 V MAIN 0V ExB -0.5 kV Shutter Open,27,0.03537,130.15551882505994,50,0.07351337,134.30919459768367,120.01059042730374,300,0.007139986,1902,2,137,137,1.152e-8,-499,0
8962,1762971541000,MAIN/UDET 137.2 A UDET -300 V LDET -50 V MAIN 0V ExB 0 V Shutter Open,27,0.03537,130.15972650735225,50,0.07361329,134.30300530196772,120.02396926978074,300,0.007115309,1744,2,137,137,1.117e-8,0,0
8961,1762963882000,MAIN/UDET 137.2 A UDET -300 V LDET -50 V MAIN 0V ExB -1.5 kV Shutter Open,27,0.03537,130.1250856279751,50,0.1147529,134.28601164033142,120.02889554953273,300,0.007111596,1765,2,137,137,1.11e-8,-1499.0121580547113,0
8960,1762959920000,MAIN/UDET 137.2 A UDET -300 V LDET -50 V MAIN 0V ExB 0 V Shutter Open,27,0.03537,130.12479220369835,50,1.549457,134.26690984013104,120.01442851442279,300,0.007081323,1880,2,137,137,1.045e-8,0,0
8959,1762945627000,"Singles run, beam is off waiting for it to come back on restart of prev run",27,0.03537,130.14501338677118,300,36.06953,134.26437727884652,119.99880589157085,300,0.007079975,712,2,137,137,1.045e-8,-1499.0030303030303,0
8958,1762926270000,"Singles run, beam is off waiting for it to come back on",27,0.03537,130.14243703110023,300,36.08392,134.2705373976962,119.99607266920293,300,0.007060487,1514,2,137,137,1.029e-8,-1499.0017271157167,0
8957,1762909472000,"source position 32, 3.7, HV -27 kV, MAIN/UDET 137.2 A",27,-0.168094,130.1459442805318,300,34.75622,134.27969766211936,119.99827716173724,300,0.006745704,33,0,137,137,6.409e-9,-1499,0
8956,1762907610000,"source position 32.4, 3.7, HV -27 kV, MAIN/UDET 137.2 A",27,0.03537,130.1490603092212,300,34.74672,134.2788532237315,119.99931902712491,300,0.006744381,0,0,137,137,6.415e-9,-1499,0
8955,1762905740000,"source position 32.8, 3.7, HV -27 kV, MAIN/UDET 137.2 A",27,-0.168094,130.1505981149743,300,34.73812,134.27917537689208,119.99324716567993,300,0.006748236,0,0,137,137,6.438e-9,-1499,0
8954,1762903812000,"source positions: 33.2, 3.7 -  HV -27 kV, MAIN/UDET 137.2A",27,0.03537,130.15089335024936,300,34.74329,134.2811095398742,119.99508159686992,300,0.006745811,0,0,137,137,6.438e-9,-1499,0
8953,1762901860000,"source positions: 33.6, 3.7 -  HV -27 kV, MAIN/UDET 137.2A",27,0.03537,130.1492712939227,300,34.80205,134.2815448189703,120.00128673240182,300,0.006746433,0,0,137,137,6.456e-9,-1499,0
8952,1762899975000,"source positions: 34.4, 3.7 -  HV -27 kV, MAIN/UDET ",27,0.03537,130.15051812640692,300,34.77147,134.28061527252197,120.00343811035157,300,0.006747878,37,0,137,137,6.467e-9,-1499,0
8951,1762897994000,"source positions: 34.7, 3.7 -  HV -27 kV, MAIN/UDET 137.2",27,0.03537,130.15044864347612,300,34.82406,134.28019276304107,120.00090859153055,300,0.006756165,176,0,137,137,6.461e-9,-1499,0
8950,1762896036000,"source positions: 35.0, 3.2 -  HV -27 kV, MAIN/UDET 137.2",27,0.03537,130.1505705607686,300,35.27392,134.2793678914694,120.0064409872643,300,0.006752987,3,0,137,137,6.467e-9,-1499,0
8949,1762893710000,"source positions: 34.2, 3.2 -  HV -27 kV, MAIN/UDET 137.2",27,0.03537,130.15182873583214,300,34.74256,134.27575046241037,120.01093372297876,300,0.006752167,0,0,137,137,6.473e-9,-1499,0
8948,1762891812000,"source positions: 33.8, 3.2 -  HV -27 kV, MAIN/UDET 137.2",27,0.03537,130.16436399635694,300,34.77372,134.2712082364666,120.00960829246104,300,0.006750825,0,0,137,137,6.49e-9,-1499,0
8947,1762889896000,"source positions: 33.4, 3.2 -  HV -27 kV, MAIN/UDET 137.2",27,0.03537,130.16607526649636,300,34.75007,134.26889850662414,120.00321918165827,300,0.006749977,0,0,137,137,6.415e-9,-1499,0
8946,1762888002000,"source positions: 33.0, 3.2 -  HV -27 kV, MAIN/UDET 137.2",27,0.03537,130.17256230258485,300,34.73998,134.26998743384775,119.99736508456144,300,0.006756669,0,0,137,137,6.386e-9,-1499,0
8945,1762886111000,"source positions: 32.6, 3.2 -  HV -27 kV, MAIN/UDET 137.2",27,0.03537,130.1841800354439,300,34.76491,134.27251814849325,119.99933039284225,300,0.006756414,0,0,137,137,6.386e-9,-1499,0
8944,1762884086000,"source positions: 32.2, 3.2 -  HV -27 kV, MAIN/UDET 137.2",27,0.03537,130.18877852772155,300,34.76029,134.27614646059882,120.0047201487344,300,0.006773837,0,0,137,137,6.415e-9,-1499,0
8943,1762881901000,"source positions: 32.0, 2.7 -  HV -27 kV, MAIN/UDET 137.2",27,0.03537,130.18156779896128,300,34.75538,134.2770190456167,120.01583259896964,300,0.006761567,0,0,137,137,6.473e-9,-1499.0052356020942,0
8942,1762879854000,"source positions: 32.4, 2.7 -  HV -27 kV, MAIN/UDET 137.2",27,0.03537,130.1694742727488,300,34.75661,134.27424942819695,120.03009027965554,300,0.006755423,0,0,137,137,6.537e-9,-1499,0
8941,1762877946000,"source positions: 32.8, 2.7 -  HV -27 kV, MAIN/UDET 137.2",27,0.03537,130.15992219753176,300,34.94348,134.26791359560332,120.03335981531445,300,0.006760442,0,0,137,137,6.473e-9,-1499,0
8940,1762876054000,"source positions: 33.2, 2.7 -  HV -27 kV, MAIN/UDET 137.2",27,0.03537,130.15686353505086,300,34.75651,134.26456640716782,120.0227239317165,300,0.006757492,0,0,137,137,6.363e-9,-1499,0
8939,1762874129000,"source positions: 33.6, 2.7 -  HV -27 kV, MAIN/UDET 137.2",27,0.03537,130.15592486213237,300,34.80749,134.2589992905596,120.03377445286236,300,0.006768063,0,0,137,137,6.277e-9,-1499,0
8938,1762872082000,"source positions: 34.4, 2.7 -  HV -27 kV, MAIN/UDET 137.2",27,0.03537,130.13997755731856,300,34.77659,134.25037552794004,120.01830414802798,300,0.006762843,0,0,137,137,6.154e-9,-1499,0
8937,1762819944000,"overnight calibration- source positions: 34.0, 2.7 -  HV -27 kV, MAIN/UDET 137.2",27,0.03537,130.14054338834129,300,34.86087,134.2695712510961,119.99653903000433,300,0.006850132,0,0,137,137,6.415e-9,-1499.0002177700349,0
8936,1762818015000,"calibration- source positions: 34.7, 2.7 -  HV -27 kV, MAIN/UDET 137.2",27,0.03537,130.145096182544,300,34.94406,134.29042346660907,120.00568536611704,300,0.006853957,0,0,137,137,6.461e-9,-1499,0
8935,1762816050000,"calibration- source positions: 35.0, 2.2 -  HV -27 kV, MAIN/UDET 137.2",27,0.03537,130.1411285043877,300,35.53136,134.29106265148485,119.99137775467103,300,0.006856117,0,0,137,137,6.473e-9,-1499,0
8934,1762814174000,"calibration- source positions: 34.2, 2.2 -  HV -27 kV, MAIN/UDET 137.2",27,0.03537,130.14732734902393,300,34.89845,134.29342225807994,119.99341190280627,300,0.006864791,0,0,137,137,6.496e-9,-1499,0
8933,1762812291000,"calibration- source positions: 33.8, 2.2 -  HV -27 kV, MAIN/UDET 137.2",27,0.03537,130.1545806517084,300,34.91802,134.29616364978608,119.99089511116047,300,0.006868786,2,0,137,137,6.543e-9,-1499,0
8932,1762810355000,"calibration- source positions: 33.4, 2.2 -  HV -27 kV, MAIN/UDET 137.2",27,0.03537,130.1607491682117,300,34.81952,134.29791867822632,119.9984970666412,300,0.006875494,1,0,137,137,6.585e-9,-1499,0
8931,1762808427000,"calibration- source positions: 33.0, 2.2 -  HV -27 kV, MAIN/UDET 137.2",27,0.03537,130.16155290149507,300,34.81452,134.30004152056597,119.99613074215115,300,0.006880329,2,0,137,137,6.644e-9,-1499,0
8930,1762806484000,"calibration- source positions: 32.6, 2.2 -  HV -27 kV, MAIN/UDET 137.2",27,0.03537,130.16669009282037,300,34.8137,134.30136931768737,119.99921330366985,300,0.00688584,1,0,137,137,6.668e-9,-1499,0
8929,1762804484000,"calibration- source positions: 32.2, 2.2 -  HV -27 kV, MAIN/UDET 137.2",27,0.03537,130.1692603303772,300,34.83987,134.30284564621783,119.99753517114021,300,0.006890249,1,0,137,137,6.71e-9,-1499,0
8928,1762802543000,"calibration- source positions: 32.0, 1.7 -  HV -27 kV, MAIN/UDET 137.2",27,0.03537,130.1669249453787,300,34.86053,134.30460592857878,119.99862982575458,300,0.006893769,1,0,137,137,6.747e-9,-1499,0
8927,1762800563000,"calibration- source positions: 32.4, 1.7 -  HV -27 kV, MAIN/UDET 137.2",27,0.03537,130.16523322610294,300,34.87277,134.3080310774899,119.99415170534316,300,0.006911253,0,0,137,137,6.801e-9,-1499.0060240963855,0
8926,1762798567000,"calibration- source positions: 32.8, 1.7 -  HV -27 kV, MAIN/UDET 137.2",27,0.03537,130.15641080143834,300,34.8883,134.31118588784025,120.00208644449276,300,0.006917869,0,0,137,137,6.863e-9,-1499,0
8925,1762796600000,"calibration- source positions: 33.2, 1.7 -  HV -27 kV, MAIN/UDET 137.2",27,0.03537,130.15320322992727,300,34.91124,134.31153599694554,120.00694169927874,300,0.006914325,0,0,137,137,6.906e-9,-1499,0
8924,1762794321000,"calibration- source positions: 33.6, 1.7 -  HV -27 kV, MAIN/UDET 137.2",27,0.03537,130.15333129587955,300,35.03318,134.31204235192502,120.00015143192175,300,0.006942807,0,0,137,137,7.019e-9,-1499,0
8923,1762792385000,"calibration- source positions: 34.0, 1.7 -  HV -27 kV, MAIN/UDET 137.2",27,0.03537,130.14460114509828,300,35.08859,134.31453446608324,119.99848032242213,300,0.006955767,0,0,137,137,7.134e-9,-1499,0
8922,1762790480000,"calibration- source positions: 34.4, 1.7 -  HV -27 kV, MAIN/UDET 137.2",27,0.03537,130.13702896266307,300,35.07801,134.3160520774036,120.00222239662055,300,0.006966003,0,0,137,137,7.277e-9,-1499,0
8921,1762788499000,"calibration- source positions: 34.7, 1.7 -  MAIN/UDET 137.2A",27,0.03537,130.1417714511101,300,35.12773,134.31719404712953,119.99996242666603,300,0.006977132,0,0,137,137,7.442e-9,-1499,0
8920,1762784951000,post-magnet top up; same configuration as overnight run,27,0.238834,130.13070778311388,300,35.02916,134.31810448292472,119.9995720509268,300,0.007002971,0,0,137,137,7.912e-9,-1499,0
8919,1762783910000,topping off the magnet,27,0.03537,130.13513537420744,300,35.05039,134.3200194103883,119.99572508405932,300,0.007008129,0,2,137,137,8.078e-9,-1499,0
8918,1762723078000,MAIN/UDET 137.2 A HV: -27 KV EXB -1500 V MAIN 0 V SHUTTER OPEN - restart after cycling LDET bias voltage,27,0.238834,130.1165582018331,300,37.56878,134.3754804881933,119.99086949771647,300,0.007237492,1775,2,137,137,1.206e-8,-1499.0157068062827,0
8917,1762698908000,MAIN/UDET 137.2 A HV: -27 KV EXB -1500 V MAIN 0 V SHUTTER OPEN,27,0.238834,130.11121498594076,300,47.87371,134.45159273510941,120.00086082642649,300,0.007237599,1788,2,137,137,1.226e-8,-1499.1017454235846,0
8916,1762614226000,MAIN/UDET 137.2 A HV: -27 KV EXB -1500 V MAIN 0 V SHUTTER OPEN,27,0.238834,130.1119589893694,300,46.38619,134.46378870716688,119.99976260798164,300,0.00726987,1709,2,137,137,1.256e-8,-1499.061286778171,0
8915,1762552795000,MAIN/UDET 137.2 A HV: -27 KV EXB -1500 V MAIN 0 V SHUTTER OPEN,27,0.238834,130.09873696296896,300,42.18621,134.45534204923632,119.9991085606468,300,0.007255962,1867,2,137,137,1.248e-8,-1499.024666906734,0
8914,1762536819000,MAIN/UDET 137.2 A HV: -27 KV EXB -1500 V MAIN 0 V SHUTTER OPEN,27,0.238834,130.1365291672391,300,39.79879,134.31605834655304,120.02991626569492,300,0.007150531,1890,2,137,137,1.201e-8,-1499,0
8913,1762534225000,LDET Noise testing redux,,,130.18169021606445,300,38.74015,134.20317103944976,120.04402456612422,300,0.006938186,1647,0,137,137,8.911e-9,-1499,0
8912,1762533831000,MAIN/UDET 137.2 A ExB 1500 V Shutter closed LDET Noise testing,,,130.18539159438188,300,38.74234,134.19706127690333,120.04568406647327,300,0.006937482,1648,0,137,137,8.919e-9,-1499,0
8911,1762524159000,test run after disentangling some cables in the upper HV box,,,130.09586643350536,300,39.3373,133.71257521063734,120.6560263365378,300,0.006859741,1898,2,137,137,1.218e-8,-1499.0113636363637,0
8910,1762523482000,test run after plugging in preamp G,,,130.09099960327148,300,39.24409,133.531261941661,120.3419998832371,300,0.006722326,1909,2,137,137,1.21e-8,-1499,0
8909,1762522900000,test run after replacing UDET keysight PS,,,130.08953247070312,300,39.20618,133.49513041178386,119.9982666015625,300,0.006671057,1910,2,137,137,1.212e-8,-1499,0
8908,1762440962000,MAIN/UDET 137.2 A U/LDET -300 V ExB 1500 V Shutter Open,27,0.238834,130.10675762406493,300,39.05066,134.24578743659174,119.95364093296871,300,0.007212968,1597,2,137,137,1.247e-8,-1499.0184118060436,0
8907,1762389957000,Overnight proton run. Beam off at start,27,0.03537,130.1011142600129,300,37.1553,134.28229762451258,119.99986161287636,300,0.007168284,1562,2,137,137,1.224e-8,-1499.0241504594999,0
8906,1762381762000,"calibration (reverse field), position: 34.2, 3.2, MAIN/UDET: 137.2/137.2 A, HV: -27kV, U/LDET: -300",27,0.03537,130.13112627194252,300,35.3031,134.28575275774887,120.00363296852973,300,0.006878579,0,0,137,137,7.948e-9,-1499.0062111801242,0
8905,1762379319000,"calibration (reverse field), position: 34.2, 2.2, MAIN/UDET: 137.2/137.2 A, HV: -27kV, U/LDET: -300",27,0.03537,130.12189138906973,300,35.37618,134.28377388826846,120.00952884472288,300,0.006888545,0,0,137,137,7.998e-9,-1499,0
8904,1762377318000,"calibration (reverse field), position: 33.4, 3.2, MAIN/UDET: 137.2/137.2 A, HV: -27kV, U/LDET: -300",27,0.03537,130.11837105612153,300,35.31846,134.27977879526597,120.0153317132008,300,0.006878937,0,0,137,137,7.998e-9,-1499,0
8903,1762375324000,"calibration (reverse field), position: 33.4, 2.2, MAIN/UDET: 137.2/137.2 A, HV: -27kV, U/LDET: -300",27,0.03537,130.12062363397507,300,35.31863,134.27560443322636,120.01293256444839,300,0.006884982,0,0,137,137,7.998e-9,-1499.0059523809523,0
8902,1762373438000,"calibration (reverse field), position: 33.6, 1.7, MAIN/UDET: 137.2/137.2 A, HV: -27kV, U/LDET: -300",27,0.03537,130.12389318493828,300,35.36398,134.27258947212707,120.0069145428136,300,0.006892882,0,0,137,137,8.02e-9,-1499.006134969325,0
8901,1762368840000,"calibration (reverse field), position: 33.6, 1.7 MAIN/UDET: 137.2/137.2 A, HV: -27kV, U/LDET: -300",27,2.476939,130.13058301064535,300,35.42783,134.27364593834005,120.01025751585601,300,0.006920934,0,0,137,137,8.042e-9,-1499,0
8900,1762366739000,"calibration (reverse field), position: 33.6, 2.7 MAIN/UDET: 137.2/137.2 A, HV: -27kV, U/LDET: -300",27,0.03537,130.13787635950257,300,35.44769,134.2738461890075,120.00783497173192,300,0.006924072,0,0,137,137,8.093e-9,-1499,0
8899,1762364776000,"calibration (reverse field), position: 33.6, 3.7 MAIN/UDET: 137.2/137.2 A, HV: -27kV, U/LDET: -300",27,0.03537,130.1344505923918,300,35.46563,134.27313650519844,120.018151240829,300,0.006934643,0,0,137,137,8.151e-9,-1499.0058139534883,0
8898,1762362877000,"calibration (reverse field), position: 33.8, 3.2 MAIN/UDET: 137.2/137.2 A, HV: -27kV, U/LDET: -300",27,0.03537,130.12549405385212,300,35.48157,134.2681446307477,120.01875225354866,300,0.006945797,444,0,137,137,8.24e-9,-1499.0061728395062,0
8897,1762360895000,"calibration (reverse field), position: 33.8, 2.2 MAIN/UDET: 137.2/137.2 A, HV: -27kV, U/LDET: -300",27,0.03537,130.12313947765105,300,35.56739,134.26683549452616,120.00822571377945,300,0.006967351,1484,0,137,137,8.374e-9,-1499,0
8896,1762358995000,"calibration (reverse field), position: 34.0, 1.7 MAIN/UDET: 137.2/137.2 A, HV: -27kV, U/LDET: -300",27,0.03537,130.1206271601658,300,35.58418,134.2646727834091,120.01323609079971,300,0.006961721,624,0,137,137,8.519e-9,-1499.1139896373056,0
8895,1762356904000,"calibration (reverse field), position: 34.0, 3.7 MAIN/UDET: 137.2/137.2 A, HV: -27kV, U/LDET: -300",27,0.03537,130.11667398044042,300,35.54734,134.26202301166023,120.00984773767709,300,0.006997271,1841,0,137,137,8.76e-9,-1499.0854271356784,0
8894,1762354871000,"calibration (reverse field), position: 34.0, 2.7 MAIN/UDET: 137.2/137.2 A, HV: -27kV, U/LDET: -300",27,0.03537,130.1102026662519,300,35.60569,134.25896665188068,120.00964070709658,300,0.007023306,1900,0,137,137,9.238e-9,-1499.1138613861385,0
8893,1762321688000,"overnight proton run MAIN/UDET: 137.2/137.2 A, HV: -27kV, U/LDET: -300",27,1.256154,130.0981473367345,300,36.30883,134.25762229294287,119.99930509454236,300,0.007146263,1854,2,137,137,1.215e-8,-1499.0156141568355,0
8892,1762317704000,"proton run MAIN/UDET: 137.2/137.2 A, HV: -25kV, U/LDET: -300",25,0.03537,130.09055395687326,300,36.25876,134.25910152349257,120.0026088513826,300,0.007134617,1851,2,137,137,1.214e-8,-1499,0
8891,1762305670000,"proton run MAIN/UDET: 137.2/28.5 A, HV: -25kV, UDET/LDET: -300",25,0.03537,130.1034047430454,300,36.45292,134.2503709285217,119.99886009396886,300,0.007592574,1904,2,28,137,1.153e-8,-1499.0035587188613,0
8890,1762298063000,"calibration (reverse field), position: 33.48, 2.2, MAIN/UDET: 137.2/28.5 A, HV: -27kV, UDET/LDET: -300",27,0.03537,130.11080925218988,300,34.88961,134.24782646367214,120.00330526943182,300,0.007408053,1850,0,28,137,7.863e-9,-1499.0518731988473,0
8889,1762297693000,"calibration (reverse field), position: 33.4, 1.7, MAIN/UDET: 137.2/28.5 A, HV: -27kV, UDET/LDET: -300",27,0.03537,130.10392262385443,300,34.79571,134.24557365255154,120.00870497683262,300,0.007334606,1909,0,28,137,7.863e-9,-1499.0833333333333,0
8888,1762291992000,"calibration (reverse field), position: 33.2, 2.7, MAIN/UDET: 137.2/28.5 A, HV: 0kV, UDET/LDET: -300",0,0.03537,130.1174031945431,300,34.83702,134.24047814488716,120.00729376946569,300,0.007402723,1533,0,28,137,7.877e-9,-1499.0030769230768,0
8887,1762287795000,"calibration (reverse feild), position: 33.4, 2.7, MAIN/UDET: 137.2/28.5 A, HV: 0kV, UDET/LDET: -300",0,0.03537,130.12748589979864,300,34.79426,134.23922653551455,120.00460471930327,300,0.007430562,14,0,28,137,7.948e-9,-1499.013888888889,0
8886,1762284156000,"calibration (reverse feild), position: 33.6, 2.7, MAIN/UDET: 137.2/28.5 A, HV: 0kV, UDET/LDET: -300",0,0.238834,130.1381220747785,300,34.85801,134.23693627119064,120.01682261625926,300,0.00743378,0,0,28,137,8.02e-9,-1499.0239520958085,0
8885,1762279810000,"calibration (reverse feild), position: 34.0, 2.7, MAIN/UDET: 137.2/28.5 A, HV: 0kV, UDET/LDET: -300",0,0.03537,130.14446423504805,300,34.84,134.23098351372613,120.02190214369033,300,0.007326589,0,0,28,137,8.071e-9,-1499.0715990453461,0
8884,1762278428000,"calibration (reverse feild), position: 34.0, 2.7, MAIN/UDET: 137.2/28.5 A, HV: 0kV, UDET/LDET: -300",0,0.03537,130.1408097761391,300,34.83295,134.2248705625534,120.02406454086304,300,0.007296992,0,0,28,137,8.093e-9,-1499.084745762712,0
8883,1762274898000,testing blinding script,0,-0.168094,130.14700317382812,300,34.78907,134.2100067138672,120.02400207519531,300,0.007269595,0,0,28,137,8.269e-9,,0
8882,1762274370000,Testing Blinding Script,0,-0.168094,130.13680114746094,300,34.82281,134.2086639404297,120.02233632405598,300,0.007274787,0,0,28,137,8.269e-9,-1499,0
8881,1762271052000,Testing blinding script,0,0.03537,130.12249755859375,300,34.80738,134.20249938964844,120.01050186157227,300,0.007524765,0,0,0,137,8.344e-9,-1499,0
8880,1762238176000,"Magnet 0A, shutter open, HV off, background run restart of prev run",0,0.238834,130.09086286214702,300,36.61303,134.21211609377994,119.99490353959692,300,0.007735458,1738,2,0,0,1.237e-8,-1499.0004524886879,0
8879,1762212076000,"Magnet 0A, shutter open, HV off, background run",0,0.238834,130.07828260584728,300,36.66139,134.23174352553283,119.99161100473304,300,0.007727144,1908,2,0,0,1.238e-8,-1499.0054598908023,0
8878,1762209371000,DAQ Testing pulser rate,,,130.11766560872397,300,35.77704,134.2316640218099,120.00466410319011,300,0.007561224,1910,0,0,0,8.573e-9,-1499,0
8877,1762206835000,detector sync testing,,,130.09345543902853,300,35.69378,134.227839383212,120.00165817954324,300,0.007594872,1909,0,0,24,8.721e-9,-1499,0
8876,1762205194000,Detector Sync Test,,,130.09237670898438,300,35.75857,134.2288360595703,119.99683507283528,300,0.007605759,1891,0,0,11,8.839e-9,-1499,0
8875,1762204856000,Detector Sync Measurement,,,130.08479919433594,300,35.77247,134.2281982421875,119.9990005493164,300,0.007597689,1910,0,0,11,8.855e-9,-1499,0
8874,1762201613000,DAQ Timing Sync Test,,,130.10245444557884,300,35.8346,134.2282485961914,120.00675201416016,300,0.007600648,1909,0,0,0,9.205e-9,-1499,0
8873,1762200990000,DAQ Timing Sync Testing,,,130.1132019042969,300,35.90178,134.22799682617188,120.00925254821777,300,0.007619804,1910,0,0,0,9.297e-9,-1499,0
8872,1762200293000,DAQ Timing Sync Test,,,130.1099395751953,300,35.83288,134.22819272933467,120.00893820485761,300,0.00763266,1897,0,0,0,9.389e-9,-1499,0
8871,1762199699000,DAQ Timing Sync testing,,,130.1083999633789,300,35.80641,134.22789764404297,120.01020202636718,300,0.007610708,1894,0,0,0,9.465e-9,-1499,0
8870,1762198165000,DAQ Timing Sync Testing,,,130.10524092049434,300,36.07029,134.22738647460938,120.01419214101938,300,0.007565705,1911,0,0,48,9.698e-9,-1499,0
8869,1762198066000,DAQ Timing Sync test,,,130.12399291992188,300,36.10153,134.2270050048828,120.01399993896484,300,0.00753658,1911,0,0,57,9.681e-9,-1499,0
8868,1762091949000,Standard Proton Config,27,0.03537,130.07960144323584,300,37.26465,134.25704762432994,119.99721995796297,300,0.007400515,1894,2,137,137,1.275e-8,-1499.006968641115,0
8867,1762012485000,Standard Proton. Changed both pulser attenuations from x50 --> x100,27,0.03537,130.09332644176456,300,37.22293,134.27353345711927,120.00404860712383,300,0.007417505,1287,2,137,137,1.271e-8,-1499.0180219146482,0
8866,1761952786000,Overnight proton run. Standard proton config,27,0.03537,130.06875517147594,300,37.0802,134.26783886231905,119.99243789127566,300,0.007466935,1415,2,137,137,1.21e-8,-1499.0383863515194,0
8865,1761945327000,"calibration, position 32.6, 2.7, UDET/LDET: -300",27,0.03537,130.07511607710137,300,35.80971,134.3001588107904,120.00695914569286,300,0.007301574,1899,0,137,137,7.891e-9,-1499.1991150442477,0
8864,1761943227000,"calibration, position 34.7, 1.7, UDET/LDET: -300",27,0.03537,130.08530137489123,300,35.83633,134.30004061744327,120.0028056553432,300,0.007307549,1908,0,137,137,7.884e-9,-1499.1659192825111,0
8863,1761941288000,"calibration, position 34.4, 1.7, UDET/LDET: -300",27,0.03537,130.0825531871606,300,35.84921,134.29931377030348,120.00989933431583,300,0.007309531,1854,0,137,137,7.884e-9,-1499.128078817734,0
8862,1761939269000,"calibration, position 34.0, 1.7, UDET/LDET: -300",27,0.03537,130.08649815987053,300,35.78717,134.29743641820448,120.00955903001606,300,0.007310549,1898,0,137,137,7.884e-9,-1499,0
8861,1761937188000,"calibration, position 33.6, 1.7, UDET/LDET: -300",27,0.03537,130.0955036576972,300,35.88613,134.29634309523178,120.01038556995958,300,0.007313712,1880,0,137,137,7.884e-9,-1499,0
8860,1761935211000,"calibration, position 33.2, 1.7, UDET/LDET:-300",27,0.03537,130.09714049568086,300,35.77018,134.2941607963748,120.01666682173565,300,0.007324105,1845,0,137,137,7.87e-9,-1499,0
8859,1761933273000,"calibration, position 32.8, 1.7, UDET/LDET:-300",27,0.03537,130.10432992597515,300,35.75127,134.29047514065147,120.01843372589262,300,0.007316443,1499,0,137,137,7.835e-9,-1499.0457142857142,0
8858,1761931342000,"calibration, position 32.4, 1.7, UDET/LDET:-300",27,0.03537,130.097236264731,300,35.81489,134.28601666350863,120.0200023746016,300,0.007331103,1889,0,137,137,7.785e-9,-1499.0967741935483,0
8857,1761929022000,"calibration, position 35.0, 2.2, UDET/LDET:-300",27,0.03537,130.0944475809733,300,36.35307,134.28150196648463,120.01471842819018,300,0.007321745,1779,0,137,137,7.757e-9,-1499.0628019323672,0
8856,1761925280000,"calibration, position 32.2, 2.2, UDET/LDET:-300",27,0.03537,130.08845675989912,300,35.76725,134.27762338597623,120.01223177652587,300,0.007324766,1469,0,137,137,7.715e-9,-1499.124031007752,0
8855,1761923330000,"calibration, position 32.6, 2.2, UDET/LDET:-300",27,0.03537,130.07753715055534,300,35.86735,134.27525854462195,120.01329025530991,300,0.007338408,1897,0,137,137,7.66e-9,-1499.1179487179488,0
8854,1761921373000,"calibration, position 33.0, 2.2, UDET/LDET:-300",27,0.03537,130.07179647147373,300,35.72035,134.27256782327547,120.01132738619245,300,0.007370547,852,0,137,137,7.591e-9,-1499.0119047619048,0
8853,1761919423000,"calibration, position 33.4, 2.2, UDET/LDET:-300",27,0.03537,130.0676870690771,300,35.81191,134.2724281216845,120.00267518596884,300,0.007340257,1908,0,137,137,7.523e-9,-1499.0406976744187,0
8852,1761917458000,"calibration, position 33.4, 2.2, UDET/LDET:-300",27,0.03537,130.06321420719487,300,35.70605,134.2726298282021,120.0046237744783,300,0.007344492,1896,0,137,137,7.456e-9,-1499.0263157894738,0
8851,1761860980000,"calibration, position 34.0, 2.7, UDET/LDET:-300",27,0.03537,130.05473472631346,300,35.79681,134.28796166746707,119.99652951400282,300,0.007540549,1878,0,137,137,7.97e-9,-1499.0644055565579,0
8850,1761858329000,"calibration, position 33.8, 2.2, UDET/LDET:-300",27,0.03537,130.049368624494,300,35.59048,134.3032026436334,119.99263108529816,300,0.007551695,1895,0,137,137,7.934e-9,-1499.2622377622379,0
8849,1761856383000,"calibration, position 34.2, 2.2, UDET/LDET:-300",27,0.03537,130.05239119967402,300,35.5778,134.30624930466277,119.99544073177289,300,0.00756355,1897,0,137,137,8.006e-9,-1499,0
8848,1761854310000,"calibration, position 32.6, 3.2, UDET/LDET:-300",27,0.03537,130.04883123327184,300,35.6369,134.30647285115464,120.00483150072485,300,0.007573049,1900,0,137,137,8.02e-9,-1499,0
8847,1761851512000,"calibration, position 33.0, 3.2, UDET/LDET:-300",27,0.03537,130.05468575106903,300,35.55314,134.30468707318073,120.00439385100678,300,0.007589203,1856,0,137,137,8.006e-9,-1499,0
8846,1761849295000,"calibration, position 33.4, 3.2, UDET/LDET:-300",27,0.03537,130.0603445852446,300,35.63845,134.30520258451762,120.00062027312161,300,0.007590647,1897,0,137,137,8.027e-9,-1499,0
8845,1761847322000,"calibration, position 33.8, 3.2, UDET/LDET:-300",27,0.03537,130.06315027625814,300,35.59691,134.30580258010022,120.00700263401971,300,0.007610913,1898,0,137,137,7.998e-9,-1499,0
8844,1761845379000,"calibration, position 34.2, 3.2, UDET/LDET:-300",27,0.03537,130.0622920529278,300,35.53337,134.30354274402964,120.0119303693675,300,0.007601033,1904,0,137,137,8.006e-9,-1499,0
8843,1761843426000,"calibration, position 34.4, 3.7, UDET/LDET:-300",27,0.03537,130.0591470838169,300,35.54944,134.30122123087259,120.00803424959493,300,0.007610772,1902,0,137,137,7.998e-9,-1499,0
8842,1761841552000,"calibration, position 34, 3.7, UDET/LDET:-300",27,0.03537,130.05628801027163,300,35.59458,134.301409904499,119.9998230399039,300,0.007623257,1833,0,137,137,7.955e-9,-1499.1128205128205,0
8841,1761839611000,"calibration, position 33.6, 3.7, UDET/LDET:-300",27,0.03537,130.05136108398438,300,35.61081,134.30230972141896,120.00591557697184,300,0.007628809,1910,0,137,137,7.955e-9,-1499.0118343195265,0
8840,1761837731000,"calibration, position 33.2, 3.7, UDET/LDET:-300",27,0.03537,130.0425485804461,300,35.54381,134.30119454626944,120.00773125068814,300,0.007635614,1901,0,137,137,7.934e-9,-1499.0061728395062,0
8839,1761835803000,"calibration, position 32.8, 3.7, UDET/LDET:-300",27,0.03537,130.04262306839948,300,35.5309,134.29942340708843,120.00343305715556,300,0.007644923,1876,0,137,137,7.905e-9,-1499.0121212121212,0
8838,1761833848000,"calibration, position 34.7 2.7, UDET/LDET:-300",27,0.03537,130.04522502364745,300,35.64404,134.29821548086082,120.00081728479545,300,0.007665962,1903,0,137,137,7.891e-9,-1499.1650943396226,0
8837,1761831972000,"calibration, position 34.4 2.7, UDET/LDET:-300",27,0.03537,130.05190105299684,300,35.56503,134.29930038260935,119.9925780523391,300,0.007667762,1908,0,137,137,7.898e-9,-1499.1435643564357,0
8836,1761785374000,"calibration, position 34.0 2.7, UDET/LDET:-300",27,0.03537,130.0432932787515,300,35.66749,134.3129185661164,119.99819674377956,300,0.008111393,1832,0,137,137,8.269e-9,-1499.139553429027,0
8835,1761783464000,"calibration, position 33.6 2.7, UDET/LDET:-300",27,0.03537,130.0489669401119,300,35.55169,134.32486723015109,120.00012764068971,300,0.008139994,1901,0,137,137,8.299e-9,-1499.1658536585367,0
8834,1761781570000,"calibration, position 33.2 2.7, UDET/LDET:-300",27,0.03537,130.05316899248945,300,35.51723,134.32538073335715,119.99689956209552,300,0.008187085,1908,0,137,137,8.329e-9,-1499.2596899224807,0
8833,1761781501000,"calibration, position 33.2 2.7, UDET/LDET:-300",27,-0.168094,130.05266825358072,300,35.46069,134.3260040283203,119.9995002746582,300,0.00816922,1909,0,137,137,8.314e-9,-1499,0
8832,1761779615000,"calibration, position 32.8 2.7, UDET/LDET:-300",27,0.03537,130.05487915628774,300,35.5471,134.32606654749844,119.99898310254636,300,0.008216922,1908,0,137,137,8.352e-9,-1499.2408163265306,0
8831,1761777736000,"calibration, position 32.4 2.7, UDET/LDET:-300",27,0.03537,130.05928785864435,300,35.55185,134.3274186436375,119.99715866887956,300,0.00826583,1899,0,137,137,8.404e-9,-1499,0
8830,1761775649000,"calibration, position 34.7 3.7, UDET/LDET:-300",27,0.03537,130.0596398586697,300,35.66841,134.32920431207728,119.9969575493424,300,0.008292779,1710,0,137,137,8.458e-9,-1499.0167597765362,0
8829,1761773691000,"calibration, position 35.0 3.2, UDET/LDET:-300",27,0.03537,130.06130110031054,300,36.12118,134.3283979420557,120.00608122436225,300,0.0083422,1897,0,137,137,8.442e-9,-1499.168181818182,0
8828,1761771796000,"calibration, position 33.0 3.2, UDET/LDET:-300",27,0.03537,130.06611447670744,300,35.54441,134.32705369636193,120.00315997375185,300,0.008401622,1904,0,137,137,8.496e-9,-1499.4020618556701,0
8827,1761769757000,"calibration, position 32.6 2.7, UDET/LDET:-300",27,0.03537,130.07201407400615,300,35.69653,134.3270066314921,119.99925957565495,300,0.008476057,1905,0,137,137,8.519e-9,-1499.365625,0
8826,1761767637000,"calibration, position 35.0, 2.2, UDET/LDET:-300",27,0.03537,130.08420205465177,300,36.42743,134.32968963319388,119.99416964326925,300,0.008578485,1901,0,137,137,8.557e-9,-1499.3863636363637,0
8825,1761765743000,"calibration, position 34.7, 1.7, UDET/LDET:-300",27,0.03537,130.09331698533964,300,35.66992,134.33264053876127,120.00048494101758,300,0.008708999,1910,0,137,137,8.588e-9,-1499.358024691358,0
8824,1761763860000,"calibration, position 32.0, 1.7, UDET/LDET:-300",27,0.03537,130.09605144759985,300,35.73297,134.33189265253563,120.00900612550058,300,0.009061452,1906,0,137,137,8.635e-9,-1499.3495145631068,0
8823,1761761476000,"calibration IDP, position 33.8, 2.2, UDET/LDET:-210",27,0.03537,130.10946519940498,210,18.64214,134.33277733179324,120.0039274524176,210,0.001474031,1862,0,137,137,8.689e-9,-1499.2937293729374,0
8822,1761759546000,"calibration IDP, position 33.6, 1.7, UDET/LDET:-210",27,0.03537,130.10585718802602,210,18.52769,134.33464876193446,119.99879677781782,210,0.001559364,582,0,137,137,8.729e-9,-1499.2903225806451,0
8821,1761758514000,"calibration IDP, position 33.0, 3.2, UDET/LDET:-210",27,0.03537,130.1135709490095,210,18.47515,134.3375103404221,120.0001941051298,210,0.00161885,0,0,137,137,8.792e-9,-1499.376404494382,0
8820,1761757496000,"calibration IDP, position 32.8, 3.7, UDET/LDET:-210",27,0.03537,130.1144833990106,210,18.47813,134.3375201675127,120.00672221633623,210,0.00168317,0,0,137,137,8.847e-9,-1499.3715846994535,0
8819,1761756471000,"calibration IDP, position 32.6, 2.7, UDET/LDET:-210",27,0.03537,130.1191864013672,210,18.496,134.33752246151604,120.01014883032342,210,0.001758367,0,0,137,137,8.943e-9,-1499.3894736842105,0
8818,1761755461000,"calibration IDP, position 32.6, 3.2, UDET/LDET:-210",27,0.03537,130.11864624023437,210,18.52183,134.33583297360923,120.01312119488554,210,0.001856741,0,0,137,137,9.032e-9,-1499.4640287769785,0
8817,1761754363000,"calibration IDP, position 32.4, 2.7, UDET/LDET:-210",27,0.03537,130.11353440120303,210,18.59267,134.33183155309686,120.01843424967804,210,0.001963016,1876,0,137,137,9.147e-9,-1499.4673202614379,0
8816,1761753364000,"calibration IDP, position 32.2, 2.2, UDET/LDET:-210",27,0.03537,130.11659442253833,210,18.68819,134.3253916422526,120.02305439540318,210,0.002115076,1912,0,137,137,9.222e-9,-1499.3221476510066,0
8815,1761752364000,"calibration IDP, position 32.0, 1.7, UDET/LDET:-210",27,0.03537,130.11388557070777,210,18.74312,134.3183766240659,120.01680530787667,210,0.002314467,1911,0,137,137,9.33e-9,-1499.2932330827068,0
8814,1761699391000,This is an overnight proton run with Standard Config.,27,0.03537,130.14391898844394,300,37.21241,134.3532283681671,119.99684637683016,300,0.007370003,1803,2,137,137,1.304e-8,-1499.1052737520129,0
8813,1761697884000,This is an overnight proton run with Standard Config.,27,0.03537,130.16916803395526,300,36.95213,134.38977603912355,119.92630591392518,300,0.007110441,1795,2,137,137,1.096e-8,-1499,0
8812,1761693677000,This run is for chassis synchronization. ,,,130.22638348565584,300,35.97872,134.51662138778798,119.85029930615947,300,0.007171987,1809,0,137,137,8.697e-9,-1499.0181818181818,0
8811,1761691410000,This run is for detector synchronization. ,,,130.23116407786964,300,36.00074,134.55030956407532,120.10291485194742,300,0.007209529,1800,0,137,137,8.713e-9,-1499.0062111801242,0
8810,1761658765000,"Standard config run (shutter 13B closed), function generator frequency at 8 MHz. (upper HV box open)",,,130.05297352909264,300,36.01971,134.42112322301674,120.0036980033721,300,0.007157728,1814,0,137,137,8.58e-9,-1499,0
8809,1761657386000,"Standard config run (shutter 13B closed), function generator frequency at 8 MHz.",27,-0.168094,130.04002816336495,300,36.00568,134.42149798539432,119.99613334488694,300,0.007111693,1802,0,137,137,8.588e-9,-1499.3875968992247,0
8808,1761656415000,"Standard config run (shutter 13B closed), function generator frequency at 10 MHz. (Sanity check)",27,-0.168094,130.04522513080116,300,36.00804,134.4222012718252,119.99653773979853,300,0.007120274,1804,0,137,137,8.573e-9,-1499.3039215686274,0
8807,1761596201000,Pulser Test Attx50 Amp. 5V f 60 Hz,27,-0.168094,130.05825008045542,300,36.06616,134.43816322504088,119.99837298725926,300,0.007260662,1803,0,137,137,9.355e-9,-1499.4848484848485,0
8806,1761595996000,Pulser Test Attx50 Amp. 4V f 60 Hz,27,-0.168094,130.06052435012091,300,36.07156,134.43812300519247,120.0002925221513,300,0.007270627,1802,0,137,137,9.355e-9,-1499.4833333333333,0
8805,1761595775000,"
Pulser Test Attx50 Amp. 3V f 60 Hz",27,-0.168094,130.0684051513672,300,36.07029,134.43812263302686,120.00370528058308,300,0.007259017,1803,0,137,137,9.389e-9,-1499.5,0
8804,1761595485000,Pulser Test Attx50 Amp. 2V f 60 Hz,27,-0.168094,130.0603157043457,300,36.07722,134.43801853574556,120.0041873537261,300,0.007267453,1803,0,137,137,9.397e-9,-1499.4883720930231,0
8803,1761595178000,Pulser Test Attx50 Amp. 1V f 60 Hz,27,-0.168094,130.06704808795263,300,36.08853,134.4375714498853,120.00564962720114,300,0.007260759,1818,0,137,137,9.389e-9,-1499.4507042253522,0
8802,1761594423000,Pulser Test Attx50 Amp. 5V f 2 Hz,27,-0.168094,130.0612655319534,300,36.09926,134.43599336043647,120.01162443299225,300,0.007271213,1818,0,137,137,9.44e-9,-1499.4506172839506,0
8801,1761593760000,"
Pulser Test Attx50 Amp. 4V f 2 Hz",27,-0.168094,130.06309061117105,300,36.08828,134.43386034898356,120.01326090852979,300,0.007267245,1818,0,137,137,9.491e-9,-1499.4423076923076,0
8800,1761593103000,Pulser Test Attx50 Amp. 3V f 2 Hz,27,-0.168094,130.0672870982777,300,36.08981,134.43202510350187,120.00874828284896,300,0.00727686,1819,0,137,137,9.525e-9,-1499.4782608695652,0
8799,1761592329000,Pulser Test Attx50 Amp. 2V f 2 Hz,27,-0.168094,130.06529780796595,300,36.11009,134.43136187297543,119.99942077078471,300,0.007281436,1781,0,137,137,9.551e-9,-1499.5037593984962,0
8798,1761591630000,"
Pulser Test Attx50 Amp. 1V f 2 Hz",27,-0.168094,130.0641588169894,300,36.11218,134.4324871461783,119.98905808178347,300,0.007281708,345,0,137,137,9.612e-9,-1499.509900990099,0
8797,1761502184000,Standard Proton Run for Overnight Data Taking.,27,-0.168094,129.9943556517971,300,37.26475,134.445016041871,119.99864968037063,300,0.007563398,1632,2,137,137,1.366e-8,-1499.3394533694973,0
8796,1761426844000,Standard Proton Run for Overnight Data Taking.,27,-0.168094,129.90964833533377,300,37.23024,134.42917732157775,120.00273105859418,300,0.007835798,1719,2,137,137,1.374e-8,-1499.3460483669908,0
8795,1761422638000,Filter Scan with Rise Time 500,27,-0.168094,129.97541703657672,300,37.18018,134.41668174290422,119.97830128433681,300,0.007741094,1810,2,137,137,1.339e-8,-1499.256513026052,0
8794,1761418627000,Filter Scan with Rise Time 450,27,-0.168094,129.97806762695313,300,37.12234,134.4287777656953,119.9807000266707,300,0.007747754,1806,2,137,137,1.377e-8,-1499.2448559670781,0
8793,1761414219000,Filter Scan with Rise Time 425,27,-0.168094,129.99594747315814,300,37.21728,134.43410160530746,120.01136031517616,300,0.007765762,1807,2,137,137,1.379e-8,-1499.0673575129533,0
8792,1761410106000,Filter Scan with Rise Time 400 ,27,-0.168094,130.00297688802084,300,37.22583,134.42826369583972,120.01438128699554,300,0.007779275,1810,2,137,137,1.374e-8,-1499.0030864197531,0
8791,1761406080000,Filter Scan with Rise Time 375,27,-0.168094,129.9874971516927,300,37.19348,134.42286286113594,120.0166737649127,300,0.007798246,1810,2,137,137,1.37e-8,-1499.006134969325,0
8790,1761401937000,Filter Scan with Rise Time 350,27,-0.168094,129.94809565878953,300,37.20389,134.41142218787056,120.01394880241105,300,0.007805193,1811,2,137,137,1.357e-8,-1499.0545977011495,0
8789,1761341809000,Overnight run. Standard Proton config,27,0.03537,129.9170346582788,300,37.31571,134.42651778580625,119.9973349921534,300,0.008345013,1471,2,137,137,1.354e-8,-1499.1039807824297,0
8788,1761339504000,Threshold Scan - (+20 LDET),27,-0.168094,129.92603637400455,300,37.2599,134.43147770051033,120.00816820395495,300,0.008393021,1809,2,137,137,1.332e-8,-1499,0
8787,1761337025000,Threshold Scan - (+15 LDET),27,-0.168094,129.9231102335709,300,37.31403,134.42845604128954,120.00735166596203,300,0.008443234,1802,2,137,137,1.318e-8,-1499,0
8786,1761334471000,"
Threshold Scan (+10 LDET)",27,-0.168094,129.9347153769599,300,37.35583,134.4277615135922,120.00468996132449,300,0.008507459,1804,2,137,137,1.3e-8,-1499,0
8785,1761332247000,"
Threshold Scan (+5 LDET)",27,-0.168094,129.96903873471314,300,37.34191,134.4268902409686,120.00803870876341,300,0.008580383,1800,2,137,137,1.28e-8,-1499.0061728395062,0
8784,1761329941000,"
Threshold Scan (+20 UDET)",27,-0.168094,129.97951365325412,300,37.39692,134.42502175970805,120.01248725684914,300,0.008646548,1804,2,137,137,1.254e-8,-1499.0121212121212,0
8783,1761325608000,Threshold Scan (+15 UDET),27,-0.168094,129.9665702893896,300,37.49521,134.4250729661116,120.00910511343287,300,0.008853095,1747,2,137,137,1.229e-8,-1499,0
8782,1761322971000,Threshold Scan (+10 UDET),27,-0.168094,129.96192510212285,300,37.58595,134.4263436453683,120.01851686109013,300,0.009011567,1803,2,137,137,1.197e-8,-1499.1518987341772,0
8781,1761320484000,Threshold Scan (+5 UDET),27,0.03537,129.9600299622368,300,37.85107,134.41624174446895,120.03731821323264,300,0.009316077,1617,2,137,137,1.15e-8,-1499,0
8780,1761320016000,Testing blinding script,27,-0.168094,130.02109042080966,300,37.70082,134.40279846191407,120.04100036621094,300,0.009343688,437,2,137,137,9.83e-9,-1499,0
8779,1761319863000,Testing blinding script,27,-0.168094,130.03350067138672,300,37.30935,134.40049743652344,120.04100036621094,300,0.00935063,213,2,137,137,9.073e-9,-1499,0
8778,1761318609000,testing blinding script,27,-0.168094,129.90214320591517,300,36.82487,134.38487434387207,120.03800201416016,300,0.009552997,0,2,137,137,8.768e-9,-1499,0
8777,1761318116000,Testing blinding script,27,-0.168094,129.88999938964844,300,36.87962,134.3780059814453,120.02999877929688,300,0.009678428,0,2,137,137,8.768e-9,-1499,0
8776,1761316939000,Testing blinding script,27,-0.168094,129.87214255819515,300,37.17918,134.3694985707601,119.98543787002563,300,0.01019618,0,2,137,137,8.744e-9,-1499,0
8775,1761260036000,"Overnight Run; position: 34.0,  2.7, UDET/LDET -300V, thresholds 0",27,-0.168094,129.91103627659413,300,35.92296,134.4172694762253,120.00003544289142,300,0.007766883,1068,0,137,137,9.255e-9,-1499.1413804601534,0
8774,1761258918000,"IDP Scan, position: 32.6, 2.7, UDET/LDET -300V, thresholds 0",27,-0.168094,129.8880830404396,300,35.8497,134.4071934551274,120.0111849723606,300,0.00783558,0,0,137,137,8.473e-9,-1499.1010101010102,0
8773,1761255964000,"IDP Scan, position: 33.8, 2.2, UDET/LDET -180V, thresholds 100",27,-0.168094,129.80447139118547,180,15.68266,134.40924596074802,119.99954253998561,180,0.00007363792,0,0,137,137,8.382e-9,-1499.2070484581498,0
8772,1761253982000,"IDP Scan, position: 33.6, 1.7, UDET/LDET -180V, thresholds 100",27,-0.168094,129.79220753146294,180,15.60737,134.40892866321076,119.9994138177475,180,0.00006892464,0,0,137,137,8.397e-9,-1499.0874316939892,0
8771,1761252843000,"IDP Scan, position: 33.0, 3.2, UDET/LDET -180V, thresholds 100",27,-0.168094,129.78993995902465,180,15.52001,134.40967231787346,119.99417925111338,180,0.00007384679,0,0,137,137,8.427e-9,-1499,0
8770,1761251634000,"IDP Scan, position: 32.8, 3.7, UDET/LDET -180V, thresholds 100",27,-0.168094,129.79112163342927,180,15.47319,134.409803333849,119.99578445736725,180,0.00007300819,0,0,137,137,8.458e-9,-1499.1386138613861,0
8769,1761250404000,"IDP Scan, position: 32.6, 2.7, UDET/LDET -180V, thresholds 100",27,-0.168094,129.79711792278738,180,15.42648,134.41091794665581,119.98870445700253,180,0.00007781055,0,0,137,137,8.488e-9,-1499.1491228070176,0
8768,1761248965000,"IDP Scan, position: 32.6, 3.2, UDET/LDET -180V, thresholds 100",27,-0.168094,129.80393430760606,180,15.37986,134.41327226665658,119.9855179316561,180,0.00007474844,0,0,137,137,8.511e-9,-1499.0254237288136,0
8767,1761247797000,"IDP Scan, position: 32.4, 2.7, UDET/LDET -180V, thresholds 100",27,-0.168094,129.81401869829963,180,15.3257,134.41633947363727,119.98564409229853,180,0.00006944279,0,0,137,137,8.55e-9,-1499,0
8766,1761246606000,"IDP Scan, position: 32.2, 2.2, UDET/LDET -180V, thresholds 100",27,-0.168094,129.82408199943072,180,15.27908,134.4195138232201,119.9838021740115,180,0.00007030548,0,0,137,137,8.588e-9,-1499,0
8765,1761245422000,"
IDP Scan, position: 32.0, 1.7, UDET/LDET -180V, thresholds 100",27,-0.168094,129.8354174296061,180,15.21484,134.42268472347618,119.98893262755196,180,0.0000749124,0,0,137,137,8.642e-9,-1499.1818181818182,0
8764,1761239795000,"
IDP Scan, position: 33.8, 2.2, UDET/LDET -150V, thresholds 100",27,-0.168094,129.87057765774372,150,17.97366,134.4282764113093,120.00621589752565,150,0.00003995505,0,0,137,137,9.049e-9,-1499.2902097902097,0
8763,1761237697000,"IDP Scan, position: 33.6, 1.7, UDET/LDET -150V, thresholds 100",27,-0.168094,129.88617927914575,150,17.93494,134.42592805007408,120.01677009319437,150,0.00003190339,0,0,137,137,9.057e-9,-1499.0880829015543,0
8762,1761236362000,"IDP Scan, position: 33.0, 3.2, UDET/LDET -150V, thresholds 100",27,-0.168094,129.89342598293138,150,17.85516,134.4204250601835,120.0202556166538,150,0.00003917676,0,0,137,137,8.96e-9,-1499,0
8761,1761235144000,"IDP Scan, position: 32.8, 3.7, UDET/LDET -150V, thresholds 100",27,-0.168094,129.88111700013627,150,17.77561,134.41638307313661,120.01775947777,150,0.0000270822,0,0,137,137,8.943e-9,-1499.0112359550562,0
8760,1761234021000,"IDP Scan, position: 32.6, 2.7, UDET/LDET -150V, thresholds 100",27,-0.168094,129.8740624233066,150,17.73029,134.41215400695802,120.01564952850342,150,0.00003492649,0,0,137,137,8.919e-9,-1499.0238095238096,0
8759,1761232907000,"IDP Scan, position: 32.6, 3.2, UDET/LDET -150V, thresholds 100",27,-0.168094,129.86127635696172,150,17.70523,134.4110424565334,120.00129894181794,150,0.00003192241,0,0,137,137,8.871e-9,-1499.0240963855422,0
8758,1761231791000,"IDP Scan, position: 32.4, 2.7, UDET/LDET -150V, thresholds 100",27,-0.168094,129.84670195916686,150,17.69988,134.41271812438964,119.99259326934815,150,0.00003151974,0,0,137,137,8.831e-9,-1499,0
8757,1761230592000,"IDP Scan, position: 32.2, 2.2, UDET/LDET -150V, thresholds 100",27,-0.168094,129.82681250572205,150,17.6646,134.41442369947245,119.9987751829858,150,0.00003694052,0,0,137,137,8.784e-9,-1499,0
8756,1761229357000,"IDP Scan, position: 32.0, 1.7, UDET/LDET -150V, thresholds 100",27,-0.168094,129.82148719556403,150,17.59258,134.4165402296113,119.99968797637194,150,0.00003179818,0,0,137,137,8.744e-9,-1499,0
8755,1761228046000,Testing DAQ config (70 UDET/LDET singles threshold),27,-0.168094,129.81589965820314,150,17.57153,134.41559753417968,120.01449966430664,150,0.00002222224,0,0,137,137,8.627e-9,-1499,0
8754,1761227848000,Testing DAQ config for source scan (0 UDET/LDET Singles threshold),27,-0.168094,129.82336564497515,150,17.57161,134.41429901123047,120.01749801635742,150,0.00002019564,0,0,137,137,8.611e-9,-1499,0
8753,1761227226000,Testing DAQ Configuration for source scan,27,-0.168094,129.8491767434513,150,17.5734,134.41212463378906,120.02099990844727,150,0.00002246312,0,0,137,137,8.588e-9,-1499,0
8752,1761175498000,"calibration, position: 34.0/2.7, UDET/LDET at -300V",27,0.03537,130.01747164798977,300,35.96662,134.43624681739203,120.00005497570933,300,0.008060344,0,0,137,137,9.147e-9,-1499.1661768634785,0
8751,1761172684000,"calibration, position: 33.8/2.2, UDET/LDET at -120V, thresholds 100",27,-0.168094,129.9966416993961,120,15.30726,134.43862447001393,120.00780245431343,120,0.00003776644,0,0,137,137,9.081e-9,-1499.3578274760384,0
8750,1761170692000,"calibration, position: 33.6/1.7, UDET/LDET at -120V, thresholds 100",27,-0.168094,129.989483156066,120,15.40838,134.43822548257646,120.00178857544559,120,0.00003335002,0,0,137,137,9.016e-9,-1499.2734082397003,0
8749,1761169592000,"calibration, position: 33.0/3.2, UDET/LDET at -120V, thresholds 100",27,-0.168094,129.9984929918667,120,15.43959,134.43526963570818,120.01039351278277,120,0.00003276023,0,0,137,137,8.831e-9,-1499.1619047619047,0
8748,1761168504000,"calibration, position: 32.8/3.7, UDET/LDET at -120V, thresholds 100",27,-0.168094,129.99324713812933,120,15.46624,134.43600109370067,119.98718196213848,120,0.00002794378,0,0,137,137,8.752e-9,-1499.1875,0
8747,1761167147000,"calibration, position: 32.6/2.7, UDET/LDET at -120V, thresholds 100",27,-0.168094,129.98384529150627,120,15.56419,134.43984060804246,119.98246505812472,120,0.00003130245,0,0,137,137,8.839e-9,-1499.1851851851852,0
8746,1761166076000,"calibration, position: 32.6/3.2, UDET/LDET at -120V, thresholds 100",27,-0.168094,129.96132295028022,120,15.64928,134.44301751799185,119.98445411268713,120,0.00002989151,0,0,137,137,8.927e-9,-1499.0752688172042,0
8745,1761165004000,"calibration, position: 32.4/2.7, UDET/LDET at -120V, thresholds 100",27,-0.168094,129.95399533785306,120,15.74404,134.44535470357755,119.99020262927544,120,0.00002809646,0,0,137,137,9e-9,-1499.2155172413793,0
8744,1761163971000,"calibration, position: 32.2/2.2, UDET/LDET at -120V, thresholds 100",27,-0.168094,129.94618760622464,120,15.81899,134.44802647010954,119.98904250649845,120,0.00002845244,0,0,137,137,9.114e-9,-1499.2222222222222,0
8743,1761162829000,"calibration, position: 32.0/1.7, UDET/LDET at -120V, thresholds 100",27,-0.168094,129.95650249694037,120,15.9136,134.45123443603515,119.99299037767493,120,0.00003109593,0,0,137,137,9.197e-9,-1499.1951219512196,0
8742,1761162774000,"calibration, position: 32.0/1.7, UDET/LDET at -120V, thresholds 70",27,-0.168094,129.9668901231554,120,15.92698,134.45187377929688,120.00187397003174,120,0.00001676465,0,0,137,137,9.205e-9,-1499,0
8741,1761162743000,"calibration, position: 32.0/1.7, UDET/LDET at -120V, thresholds 70",27,-0.168094,129.9417495727539,120,15.92251,134.452197265625,120.00139923095703,120,0.0000248186,0,0,137,137,9.197e-9,-1499,0
8740,1761162696000,"calibration, position: 32.0/1.7, UDET/LDET at -120V, thresholds 60",27,-0.168094,129.9884999593099,120,15.9325,134.45216623942056,120.00083287556966,120,0.0000159851,0,0,137,137,9.188e-9,-1499,0
8739,1761162672000,"calibration, position: 32.0/1.7, UDET/LDET at -120V, thresholds 50",27,-0.168094,129.96233113606772,120,15.94316,134.4522476196289,120.0007495880127,120,0.00001525548,0,0,137,137,9.213e-9,-1499.4,0
8738,1761162501000,"calibration, position: 32.0/1.7, UDET/LDET at -120V, thresholds 20",27,-0.168094,129.94178359572953,120,15.95315,134.45216454399957,120.00130483839247,120,0.00002998569,0,0,137,137,9.188e-9,-1499.157894736842,0
8737,1761162418000,"calibration, position: 32.0/1.7, UDET/LDET at -120V, new filter filter",27,-0.168094,129.96499633789062,120,15.95513,134.45266723632812,120.00266520182292,120,0.000023289,0,0,137,137,9.18e-9,-1499.5,0
8736,1761161199000,"calibration, position: 32.0/1.7, UDET/LDET at -120V, new filter filte",27,-0.168094,129.9695544772678,120,16.12177,134.4522213406033,120.0101687113444,120,0.00001783253,0,0,137,137,9.205e-9,-1499.25,0
8735,1761158198000,"calibration, position: 32.0/1.7, UDET/LDET at -120V, UDET/LDET thresholds 120",27,-0.168094,129.92176640033722,120,16.75156,134.4506360008603,120.0115727015904,120,0.00002932049,0,0,137,137,9.197e-9,-1499.2533333333333,0
8734,1761157883000,"calibration, position: 32.0/1.7, UDET/LDET at -120V, UDET/LDET thresholds 100",27,-0.371558,130.1009979248047,120,16.83846,134.4499969482422,120.01200103759766,120,0.00000337167,0,0,137,137,9.147e-9,,0
8733,1761157533000,"calibration, position:32.0/1.7, UDET/LDET at -120V, UDET/LDET thresholds 80",27,-0.371558,129.7854995727539,120,16.96029,134.4499969482422,120.00850296020508,120,0.00001692461,0,0,137,137,9.155e-9,-1499.5,0
8732,1761157421000,"calibration, position:32.0/1.7, UDET/LDET at -120V, UDET/LDET thresholds 70",27,-0.371558,129.9290008544922,120,17.01162,134.4499969482422,120.00700378417969,120,0.00000621105,0,0,137,137,9.13e-9,,0
8731,1761157378000,"calibration, position:32.0/1.7, UDET/LDET at -120V, UDET/LDET thresholds 60",27,-0.168094,129.90099334716797,120,17.01906,134.4499969482422,120.00699996948242,120,0.00001139694,0,0,137,137,9.139e-9,-1499,0
8730,1761157282000,"calibration, position:32.0/1.7, UDET/LDET at -120V, UDET/LDET thresholds 50",27,-0.371558,129.89400227864584,120,17.06097,134.44967142740884,120.00633494059245,120,0.0000178536,0,0,137,137,9.13e-9,-1499,0
8729,1761157213000,"calibration, position:32.0/1.7, UDET/LDET at -120V, UDET/LDET thresholds 40",27,-0.168094,129.90350341796875,120,17.08951,134.44900512695312,120.00549697875977,120,0.00002325518,0,0,137,137,9.147e-9,-1499,0
8728,1761157134000,"calibration, position:32.0/1.7, UDET/LDET at -120V, UDET/LDET thresholds 30",27,-0.168094,129.91925048828125,120,17.11531,134.44974899291992,120.00449752807617,120,0.00001976689,0,0,137,137,9.139e-9,-1499,0
8727,1761156989000,"calibration, position: 32.0/1.7, UDET/LDET at -120 V, UDET/LDET thresholds 25",27,-0.168094,129.88433329264322,120,17.18531,134.4499969482422,120.00433095296223,120,0.00001388958,0,0,137,137,9.155e-9,-1499,0
8726,1761156915000,"calibration, position: 32.0/1.7, UDET/LDET at -120 V, UDET/LDET thresholds 20",27,-0.168094,,120,17.21078,134.4499969482422,120.00399780273438,120,0.00001108487,0,0,,,9.13e-9,,0
8725,1761156849000,"calibration, position: 32.0/1.7, UDET/LDET at -120 V, UDET/LDET thresholds 15",27,-0.168094,129.88262748718262,120,17.25261,134.44957188197546,120.00414058140346,120,0.0000140355,0,0,137,137,9.139e-9,-1499.3333333333333,0
8724,1761156701000,"calibration, position: 32.0/1.7, UDET/LDET at -120 V, UDET/LDET thresholds 10",27,-0.371558,129.8800048828125,120,17.31531,134.44950103759766,120.00499725341797,120,0.00001702039,0,0,137,137,9.139e-9,,0
8723,1761156263000,"calibration, position: 32.0/1.7, UDET/LDET at -120 V",27,-0.168094,129.88396883010864,120,17.56476,134.44983845372354,120.00528840095767,120,0.00002329026,0,0,137,137,9.172e-9,-1499.1333333333334,0
8722,1761154067000,"calibration, position: 32.0/1.7, UDET/LDET at -120 V",27,-0.168094,129.8992727260397,120,22.27822,134.44915267944336,120.005718460083,120,0.0000241848,0,0,137,137,9.188e-9,-1499.342105263158,0
8721,1761152048000,"calibration, position: 32.6/2.7, UDET/LDET at -300 V",27,-0.168094,130.01398044162326,300,36.00057,134.44720240463445,120.00912590497806,300,0.007334727,0,0,137,137,9.188e-9,-1499.3234323432343,0
8720,1761149957000,"calibration, position: 35.0 2D 2.2, UDET/LDET at -300 V",27,-0.168094,130.02888303284251,300,36.64413,134.4451963068766,120.00300410147489,300,0.007329149,0,0,137,137,9.197e-9,-1499.0280898876404,0
8719,1761147974000,"calibration, position: 35.0/3.2, UDET/LDET at -300 V",27,-0.168094,130.04081334444282,300,36.53752,134.4450407963173,120.00369262695312,300,0.007343731,0,0,137,137,9.213e-9,-1499.2699619771863,0
8718,1761146032000,"calibration, position: 34.7/3.7, UDET/LDET at -300 V",27,-0.168094,130.02883999803743,300,35.98579,134.4440872757523,120.00421396891277,300,0.007350581,0,0,137,137,9.213e-9,-1499,0
8717,1761144067000,"calibration, position: 34.7/1.7, UDET/LDET at -300 V",27,-0.168094,130.02236698906202,300,35.99783,134.44380290472685,120.00621488201084,300,0.007376692,0,0,137,137,9.205e-9,-1499.0062111801242,0
8716,1761141987000,"calibration, position: 33.8/3.2, UDET/LDET at -300 V",27,-0.168094,130.0071595509847,300,35.97414,134.4412216549828,120.00887612842378,300,0.007352572,0,0,137,137,9.18e-9,-1499.0058479532163,0
8715,1761140038000,"calibration, position: 33.4/3.2, UDET/LDET at -300 V",27,-0.168094,129.9964828491211,300,35.98603,134.4386942646291,120.00465036146711,300,0.007359941,0,0,137,137,9.155e-9,-1499.0350877192982,0
8714,1761084731000,"Overnight source calibration, position: 34.0/2.7, UDET/LDET at -300 V",27,0.03537,129.9842598662708,300,35.99576,134.44750691809526,119.99921271757957,300,0.00753953,0,0,137,137,9.347e-9,-1499.1397153945666,0
8713,1761082678000,"Source calibration, position: 33.8/3.2, UDET/LDET at -300 V",27,-0.168094,129.9901914872677,300,35.99039,134.45647199121535,120.0076823860272,300,0.00755047,0,0,137,137,9.339e-9,-1499.0567010309278,0
8712,1761080589000,"Source calibration, position: 34.7/2.7, UDET/LDET at -300 V",27,-0.168094,129.99136016046117,300,35.98601,134.4558046651832,120.00228288625306,300,0.007555461,0,0,137,137,9.33e-9,-1499.042105263158,0
8711,1761078667000,"Source calibration, position: 32.4/2.7, UDET/LDET at -300 V",27,-0.168094,129.98684199351186,300,35.99016,134.45577518756573,120.00239051305331,300,0.00756796,0,0,137,137,9.28e-9,-1499.0233918128654,0
8710,1761076642000,"Source calibration, position: 32.2/2.2, UDET/LDET at -300 V",27,-0.168094,129.98485383042345,300,35.98756,134.4560785601216,119.99948415448588,300,0.007583038,0,0,137,137,9.238e-9,-1499.0224719101125,0
8709,1761074722000,"Source calibration, position: 32.6/2.2, UDET/LDET at -300 V",27,-0.168094,129.9744823251293,300,35.96716,134.45849939493033,119.99160629052382,300,0.007585366,0,0,137,137,9.238e-9,-1499,0
8708,1761072793000,"Source calibration, position: 33.0/2.2, UDET/LDET at -300 V",27,-0.168094,129.9535796976535,300,35.96627,134.46256113736823,119.9945047369414,300,0.007596838,0,0,137,137,9.247e-9,-1499,0
8707,1761070848000,"Source calibration, position: 33.4/2.2, UDET/LDET at -300 V",27,0.03537,130.02152650483524,300,35.97284,134.46482741916486,120.00142080052396,300,0.007607178,0,0,137,137,9.247e-9,-1499.0227272727273,0
8706,1761068910000,"Source calibration, position: 33.8/2.2, UDET/LDET at -300 V",27,-0.168094,130.03456083636416,300,35.98206,134.46307075940646,120.01026360805218,300,0.007613071,0,0,137,137,9.288e-9,-1499.0059171597634,0
8705,1761066974000,"Source calibration, position: 34.2/2.2, UDET/LDET at -300 V",27,0.03537,130.02050340203417,300,35.96905,134.45766262317213,120.00652228058658,300,0.007623092,0,0,137,137,9.44e-9,-1499.0233918128654,0
8704,1761065015000,"Source calibration, position: 34.2/3.2, UDET/LDET at -300 V",27,-0.168094,130.00208603894268,300,36.1192,134.45816176150328,119.99740077632134,300,0.007626888,0,0,137,137,9.543e-9,-1499.0058823529412,0
8703,1761062905000,"Source calibration, position: 33.8/3.2, UDET/LDET at -300 V",27,0.03537,130.0080002480365,300,35.99199,134.4527983037236,120.01832783247946,300,0.007631633,0,0,137,137,9.56e-9,-1499.005376344086,0
8702,1761060950000,"Source calibration, position: 33.4/3.2, UDET/LDET at -300 V",27,-0.168094,130.01116750432158,300,35.98787,134.44933351480736,119.98909001980188,300,0.007638016,0,0,137,137,9.482e-9,-1499.0114942528735,0
8701,1761059056000,"ource calibration, position: 32.0/3.2, UDET/LDET at -300 V",27,-0.168094,129.9884939990351,300,35.98406,134.45082978039252,119.99904507892887,300,0.007650998,0,0,137,137,9.397e-9,-1499.012048192771,0
8700,1761056997000,"Source calibration, position: 32.6/3.2, UDET/LDET at -300 V",27,-0.168094,129.98481618538665,300,35.98769,134.44873886456773,119.9987422298623,300,0.007657415,0,0,137,137,9.347e-9,-1499.0112994350281,0
8699,1761055062000,"Source calibration, position: 32.0/1.7, UDET/LDET at -300 V.",27,-0.168094,129.98392071255105,300,35.97459,134.45332853735948,119.99238999529582,300,0.007672977,0,0,137,137,9.305e-9,-1499.006134969325,0
8698,1761053197000,"Source calibration, position: 32.4/1.7, UDET/LDET at -300 V.",27,-0.168094,130.00444817600481,300,35.99501,134.45449747024946,120.00366339648556,300,0.007684033,0,0,137,137,9.313e-9,-1499.0118343195265,0
8697,1761050717000,"Source calibration, position: 34.4/1.7, UDET/LDET at -300 V.",27,-0.168094,129.9823775025892,300,36.04068,134.44968397435744,120.00761717250364,300,0.007695473,0,0,137,137,9.297e-9,-1499,0
8696,1761048619000,"Source calibration, position: 32.8/1.7, UDET/LDET at -300 V.",27,-0.168094,129.98738002084357,300,36.00178,134.4469080369654,119.99690344058325,300,0.007709779,0,0,137,137,9.263e-9,-1499,0
8695,1760994288000,"calibration, position: 34.0,2.7, UDET/LDET: 300,",27,0.03537,129.98598244420918,300,36.25399,134.45204297368986,120.00188982508233,300,0.008224229,0,0,137,137,9.646e-9,-1499.1055129609347,0
8694,1760992354000,"calibration, position: 33.2,1.7, UDET/LDET: 300,",27,0.03537,129.94697578190025,300,36.23249,134.43930468147184,119.98949196897907,300,0.008261979,0,0,137,137,9.057e-9,-1499,0
8693,1760990462000,"calibration, position: 33.6,1.7, UDET/LDET: 300,",27,-0.168094,129.93399997369428,300,36.285,134.4438036002365,119.98301307827819,300,0.008303122,0,0,137,137,9.272e-9,-1499.0121212121212,0
8692,1760988565000,"calibration, position: 34.0,1.7, UDET/LDET: 300,",27,0.03537,129.91164331528748,300,36.30293,134.4507001303687,119.9926194627884,300,0.008354238,0,0,137,137,9.482e-9,-1499.0121212121212,0
8691,1760986553000,"calibration, position: 34.4,3.7, UDET/LDET: 300,",27,0.03537,129.95027948894773,300,36.32568,134.45216937736566,120.00156715775447,300,0.008403226,0,0,137,137,9.465e-9,-1499,0
8690,1760984626000,"calibration, position: 32.8,3.7, UDET/LDET: 300,",27,0.03537,129.98044958437123,300,36.3073,134.45372151046044,120.00914354021216,300,0.008446601,0,0,137,137,9.44e-9,-1499,0
8689,1760982704000,"calibration, position: 33.2,3.7, UDET/LDET: 300,",27,-0.168094,129.98618880080252,300,36.34837,134.45215521091367,120.01609217946122,300,0.008499406,0,0,137,137,9.423e-9,-1499.1191709844559,0
8688,1760980753000,"calibration, position: 33.6,2.7, UDET/LDET: 300,",27,0.03537,130.01288151395494,300,36.40997,134.45064601898193,120.0163536643982,300,0.008563389,0,0,137,137,9.397e-9,-1499.1650485436894,0
8687,1760978812000,"calibration, position: 34.0,3.7, UDET/LDET: 300,",27,0.03537,130.0184697850853,300,36.40634,134.4488296132957,120.01551388519738,300,0.008625726,0,0,137,137,9.389e-9,-1499.2052401746726,0
8686,1760976848000,"calibration, position: 34.7,2.7, UDET/LDET: 300,",27,-0.168094,130.02178212459094,300,36.4651,134.44756542423522,120.01597652009345,300,0.008713523,0,0,137,137,9.381e-9,-1499.2044444444443,0
8685,1760974915000,"calibration, position: 34.4,2.7, UDET/LDET: 300,",27,0.03537,130.0106354491602,300,36.49914,134.44704944629387,120.01461782596381,300,0.008799842,0,0,137,137,9.339e-9,-1499.1386138613861,0
8684,1760972992000,"calibration, position: 32.8,2.7, UDET/LDET: 300,",27,-0.168094,130.00336321445124,300,36.53749,134.44525251458845,120.01627147402752,300,0.008923827,0,0,137,137,9.263e-9,-1499.1981981981983,0
8683,1760970943000,"calibration, position: 33.2,2.7, UDET/LDET: 300",27,0.03537,129.988356063878,300,36.62324,134.44163214485602,120.02141941718335,300,0.009086214,0,0,137,137,9.188e-9,-1499.162037037037,0
8682,1760968921000,"calibration, position: 33.6,2.7, UDET/LDET: 300",27,0.03537,129.97891457361658,300,36.76867,134.43304984451186,120.02258894178603,300,0.009310235,0,0,137,137,9.114e-9,-1499.232283464567,0
8681,1760966973000,"calibration, position: 34.0,2.7, UDET/LDET: 300,",27,-0.168094,129.9614405597382,300,36.89862,134.41947929476515,120.01612375518422,300,0.009718971,0,0,137,137,9.016e-9,-1499.1643192488264,0
8680,1760814846000,"Continuation of Yesterday's Overnight Proton Run: proton config, shutter open, neighbor prob .01, LDET/UDET voltge: -300,-300 (DAQ v1.5)",27,0.03537,129.9902340773004,300,37.22129,134.46567078890294,120.00097507860589,300,0.007463879,390,2,137,137,1.459e-8,-1499.0911772969935,0
8679,1760726874000,"proton config, shutter open, neighbor prob .01, LDET/UDET voltge: -300,-300 (DAQ v1.5)",27,0.03537,129.97311509781457,300,37.36221,134.45910550369382,120.00127482139918,300,0.007520131,1800,2,137,137,1.459e-8,-1499.117571474462,0
8678,1760724152000,DAQ Testing,27,-0.168094,129.95686871072522,300,37.05439,134.45833895099696,120.0008353617654,300,0.007498254,1800,2,137,137,1.418e-8,-1499,0
8677,1760723744000,DAQ Testing,27,-0.168094,129.96866353352866,300,36.96498,134.45800018310547,119.99650192260742,300,0.007503069,1809,2,137,137,1.409e-8,,0
8676,1760723096000,DAQ Testing,27,-0.168094,129.96661812918526,300,36.96994,134.45854644775392,119.99329833984375,300,0.007488165,1782,2,137,137,1.404e-8,-1499,0
8675,1760723017000,DAQ Testing,27,-0.168094,129.89166768391928,300,36.93984,134.4586639404297,119.99500274658203,300,0.007478664,1807,2,137,137,1.395e-8,-1499,0
8674,1760719259000,DAQ Testing,27,0.03537,129.9604268391927,300,37.00751,134.46429295010037,119.99151092105441,300,0.007527897,1795,2,137,137,1.43e-8,-1499.032258064516,0
8673,1760718640000,DAQ Testing,27,-0.168094,129.9676609362586,300,37.02193,134.46452599241022,119.99486126816063,300,0.007518912,1797,2,137,137,1.431e-8,-1499,0
8672,1760635951000,"proton config, shutter open, neighbor prob .01, LDET/UDET voltge: -300,-300",27,0.03537,129.97401307278767,300,37.19552,134.45857503912464,120.00053911400495,300,0.007672826,1724,2,137,137,1.468e-8,-1499.3275886424635,0
8671,1760624290000,"proton config, shutter closed, neighbor prob .01, LDET/UDET voltge: -300,-300",27,0.03537,129.95672085137303,300,36.15544,134.4626467841432,119.99928751271017,300,0.007673726,1663,0,137,137,1.201e-8,-1499.058407079646,0
8670,1760584713000,"proton config overnight run, neighbor prob .02, LDET/UDET voltge: -300,-300",27,0.03537,129.94049344233764,300,37.24251,134.45702440117643,120.0033704442937,300,0.00802414,1560,2,137,137,1.447e-8,-1499.0889852116268,0
8669,1760583405000,DAQ Testing,27,-0.168094,130.03550148010254,300,37.08831,134.45275115966797,119.98899841308594,300,0.008008686,1805,2,137,137,1.403e-8,-1499.2,0
8668,1760583323000,DAQ Testing,27,-0.168094,129.95331192016602,300,37.12781,134.45293807983398,119.99024772644043,300,0.008005396,1805,2,137,137,1.406e-8,-1499.125,0
8667,1760583151000,DAQ Testing,27,-0.168094,129.94199888167842,300,37.10579,134.45293697234123,119.99232113745904,300,0.008028059,1805,2,137,137,1.406e-8,-1499.1333333333334,0
8666,1760582956000,DAQ Testing,27,-0.168094,129.9647361353824,300,37.10588,134.45316653781467,119.99722374810113,300,0.008008927,1805,2,137,137,1.405e-8,-1499,0
8665,1760582909000,DAQ Testing,27,-0.168094,130.00985717773438,300,37.19709,134.45366414388022,119.99850082397461,300,0.008005815,1805,2,137,137,1.401e-8,-1499,0
8664,1760557009000,"proton config overnight run, neighbor prob .02, LDET/UDET voltge: -300,-300.
",27,0.03537,129.97521674506015,300,37.2563,134.4581212409795,120.00172070773476,300,0.008350549,1796,2,137,137,1.412e-8,-1499.0818260120586,0
8663,1760556803000,"proton config overnight run, shutter open, neighbor prob .02, LDET/UDET voltge: -300,-300.
",27,-0.168094,129.9712905883789,300,37.13632,134.46091842651367,120.00771045684814,300,0.008350515,1801,2,137,137,1.237e-8,-1499.1818181818182,0
8662,1760549255000,"proton config, shutter closed, neighbor prob .02, LDET/UDET voltge: -300,-300.
",27,0.03537,129.96447222327498,300,36.29044,134.45990480861698,120.00445070668209,300,0.008535591,1772,0,137,137,1.079e-8,-1499.0391872278665,0
8661,1760540799000,"singles run, magnet at 137.2A, UDET/LDET: -300V",27,0.03537,129.98663447169739,300,37.66847,134.46889831356316,120.00306945707456,300,0.009162398,1737,2,137,137,1.299e-8,-1499.0776699029127,0
8660,1760483338000,"overnight calibration run, source lin pos: 34.0, 2D: 2.7 units, HV: -27kV, MAIN/UDET: 137.2 A, UDET/LDET: -300V",27,0.03537,129.96806379478534,300,36.05266,134.4541667005751,119.99856916900374,300,0.007055328,172,0,137,137,9.937e-9,-1499.0804794520548,0
8659,1760481432000,"calibration run, source lin pos: 34.7, 2D: 2.7 units, HV: -27kV, MAIN/UDET: 137.2 A, UDET/LDET: -300V",27,-0.168094,129.95763815016974,300,35.99526,134.46124134571733,119.99863997267754,300,0.00704662,0,0,137,137,9.857e-9,-1499.095238095238,0
8658,1760479547000,"calibration run, source lin pos: 32.4, 2D: 2.7 units, HV: -27kV, MAIN/UDET: 137.2 A, UDET/LDET: -300V",27,-0.168094,129.95342392519296,300,35.95838,134.46096476386575,120.00360634747673,300,0.007051914,0,0,137,137,9.892e-9,-1499.0662983425414,0
8657,1760477617000,"calibration run, source lin pos: 32.0, 2D: 1.7 units, HV: -27kV, MAIN/UDET: 137.2 A, UDET/LDET: -300V",27,0.03537,129.97302644149116,300,35.96488,134.45845599244967,120.00616936143396,300,0.007054054,0,0,137,137,9.83e-9,-1499.0119760479042,0
8656,1760475679000,"calibration run, source lin pos: 32.2, 2D: 2.2 units, HV: -27kV, MAIN/UDET: 137.2 A, UDET/LDET: -300V",27,-0.168094,129.96972129458473,300,35.92997,134.45581353229025,120.00059675133747,300,0.007049038,0,0,137,137,9.813e-9,-1499.0176470588235,0
8655,1760473786000,"calibration run, source lin pos: 32.6, 2D: 2.2 units, HV: -27kV, MAIN/UDET: 137.2 A, UDET/LDET: -300V",27,0.03537,129.96419436348305,300,35.94986,134.4586181274707,119.98491200325873,300,0.007057375,0,0,137,137,9.795e-9,-1499.050847457627,0
8654,1760471915000,"calibration run, source lin pos: 33.0, 2D: 2.2 units, HV: -27kV, MAIN/UDET: 137.2 A, UDET/LDET: -300V",27,0.03537,129.9604902267456,300,35.96279,134.4644820247788,119.99214988616576,300,0.007063241,0,0,137,137,9.813e-9,-1499.0357142857142,0
8653,1760470028000,"calibration run, source lin pos: 33.4, 2D: 2.2 units, HV: -27kV, MAIN/UDET: 137.2 A, UDET/LDET: -300V",27,-0.168094,129.95909830729167,300,35.94702,134.4672774141058,120.00384427526315,300,0.007069388,0,0,137,137,9.813e-9,-1499.0348837209303,0
8652,1760467905000,"calibration run, source lin pos: 33.8, 2D: 2.2 units, HV: -27kV, MAIN/UDET: 137.2 A, UDET/LDET: -300V",27,0.03537,129.95704039880786,300,35.9879,134.46382864590348,120.018447612894,300,0.007067779,0,0,137,137,9.821e-9,-1499.0210526315789,0
8651,1760465936000,"calibration run, source lin pos: 34.2, 2D: 2.2 units, HV: -27kV, MAIN/UDET: 137.2 A, UDET/LDET: -300V",27,-0.168094,129.95317711020417,300,36.00656,134.46130601622218,120.0032104382412,300,0.007065042,0,0,137,137,9.795e-9,-1499.0601092896175,0
8650,1760463875000,"calibration run, source lin pos: 34.2, 2D: 3.2 units, HV: -27kV, MAIN/UDET: 137.2 A, UDET/LDET: -300V",27,-0.168094,129.94990979443799,300,35.94767,134.46115771764997,120.0011166276603,300,0.007070462,0,0,137,137,9.857e-9,-1499.0732984293193,0
8649,1760460666000,"calibration run, source lin pos: 33.8, 2D: 3.2 units, HV: -27kV, MAIN/UDET: 137.2 A, UDET/LDET: -300V",27,-0.168094,129.93180567811498,300,35.96272,134.4607441570742,119.99934919641373,300,0.007081018,0,0,137,137,9.866e-9,-1499.03367003367,0
8648,1760458777000,"calibration run, source lin pos: 33.4, 2D: 3.2 units, HV: -27kV, MAIN/UDET: 137.2 A, UDET/LDET: -300V",27,0.03537,129.86425853738308,300,35.96747,134.46274888862683,119.99510366939803,300,0.007083307,0,0,137,137,9.839e-9,-1499.3898734177214,0
8647,1760456819000,"calibration run, source lin pos: 33.0, 2D: 3.2 units, HV: -27kV, MAIN/UDET: 137.2 A, UDET/LDET: -300V",27,0.03537,129.88835323765426,300,35.95297,134.46570491111194,119.99533139045334,300,0.007080267,0,0,137,137,9.848e-9,-1499.4259681093395,0
8646,1760454844000,"calibration run, source lin pos: 32.6, 2D: 3.2 units, HV: -27kV, MAIN/UDET: 137.2 A, UDET/LDET: -300V",27,-0.168094,129.9264465192999,300,35.94495,134.46832986995406,119.99975676215719,300,0.007079728,0,0,137,137,9.901e-9,-1499.078125,0
8645,1760452867000,"calibration run, source lin pos: 32.4, 2D: 1.7 units, HV: -27kV, MAIN/UDET: 137.2 A, UDET/LDET: -300V",27,0.03537,129.94928973189025,300,35.95096,134.465230741955,120.01176212855748,300,0.007077287,0,0,137,137,1e-8,-1499.0282485875707,0
8644,1760450984000,"calibration run, source lin pos: 34.4, 2D: 1.7 units, HV: -27kV, MAIN/UDET: 137.2 A, UDET/LDET: -300V",27,-0.168094,129.88087111537897,300,35.99601,134.4654744842906,119.99423875220027,300,0.007085629,0,0,137,137,1.011e-8,-1499.0294117647059,0
8643,1760449059000,"calibration run, source lin pos: 32.8, 2D: 1.7 units, HV: -27kV, MAIN/UDET: 137.2 A, UDET/LDET: -300V",27,0.03537,129.91326094219286,300,35.95845,134.46446670006063,120.00769313066856,300,0.007090448,0,0,137,137,1.009e-8,-1499.0588235294117,0
8642,1760407915000,"overnight calibration run, source lin pos: 34.0, 2D: 2.7 units, HV: -27kV, MAIN/UDET: 137.2 A, UDET/LDET: -300V",27,0.03537,129.91372423428444,300,36.02682,134.45929803044763,120.00118448278504,300,0.007131876,0,0,137,137,1.004e-8,-1499.3054881010198,0
8641,1760407251000,DAQ testing,27,-0.168094,129.97284522423377,300,35.9425,134.46385955810547,119.9855717250279,300,0.007138437,0,0,137,137,9.866e-9,-1499,0
8640,1760407196000,DAQ testing,27,-0.168094,129.94844563802084,300,35.92606,134.46422492133246,119.98655531141493,300,0.007135899,0,0,137,137,9.857e-9,-1499,0
8639,1760407087000,DAQ Testing,27,-0.168094,,300,35.91308,,,300,0.007109829,0,0,,,9.857e-9,,0
8638,1760395883000,"overnight calibration run, source lin pos: 34.0, 2D: 2.7 units, HV: -27kV, MAIN/UDET: 137.2 A, UDET/LDET: -300V",27,0.03537,129.8905017567401,300,35.97467,134.46831871948666,120.00003810991106,300,0.007167483,7,0,137,137,1.014e-8,-1499.121915820029,0
8637,1760393852000,"calibration run, source lin pos: 33.2, 2D: 1.7 units, HV: -27kV, MAIN/UDET: 137.2 A, UDET/LDET: -300V",27,0.03537,129.8790640524768,300,35.9475,134.4721426675486,119.99797082945358,300,0.007173917,24,0,137,137,1.016e-8,-1499.1133004926107,0
8636,1760391927000,"calibration run, source lin pos: 33.6, 2D: 1.7 units, HV: -27kV, MAIN/UDET: 137.2 A, UDET/LDET: -300V",27,0.03537,129.87016873068652,300,36.02709,134.47336474004783,120.00399080312476,300,0.007171188,24,0,137,137,1.019e-8,-1499.1336633663366,0
8635,1760389968000,"calibration run, source lin pos: 34.0, 2D: 1.7 units, HV: -27kV, MAIN/UDET: 137.2 A, UDET/LDET: -300V",27,0.03537,129.8587420625842,300,36.01448,134.47376306870405,120.00536341050092,300,0.007185499,24,0,137,137,1.02e-8,-1499.328488372093,0
8634,1760388514000,"calibration run, source lin pos: 34.0, 2D: 2.7 units, HV: -27kV, MAIN/UDET: 137.2 A, UDET/LDET: -300V",27,0.03537,129.85688894948652,300,35.98727,134.4746777934413,120.00592326502647,300,0.007180383,24,0,137,137,1.022e-8,-1499.4666666666667,0
8633,1760388078000,"calibration run, source lin pos: 34.0, 2D: 1.7 units, HV: -27kV, MAIN/UDET: 137.2 A, UDET/LDET: -300V",27,-0.168094,129.85592930753467,300,36.01534,134.47510281415052,120.00474397901078,300,0.007177036,24,0,137,137,1.024e-8,-1499.465909090909,0
8632,1760385990000,"calibration run, source lin pos: 34.4, 2D: 3.7 units, HV: -27kV, MAIN/UDET: 137.2 A, UDET/LDET: -300V",27,0.03537,129.8526193338548,300,36.02234,134.4754148365762,120.00777319596277,300,0.007188028,24,0,137,137,1.026e-8,-1499.4871794871794,0
8631,1760384054000,"calibration run, source lin pos: 32.8, 2D: 3.7 units, HV: -27kV, MAIN/UDET: 137.2 A, UDET/LDET: -300V",27,0.03537,129.84392739769228,300,35.96276,134.47451263578068,120.0094258726524,300,0.007195943,20,0,137,137,1.027e-8,-1499.4909983633388,0
8630,1760382118000,"calibration run, source lin pos: 33.2, 2D: 3.7 units, HV: -27kV, MAIN/UDET: 137.2 A, UDET/LDET: -300V",27,0.03537,129.82131609342608,300,35.98128,134.47441718869092,120.00667365469583,300,0.007205127,0,0,137,137,1.031e-8,-1499.4877250409165,0
8629,1760380198000,"calibration run, source lin pos: 33.6, 2D: 3.7 units, HV: -27kV, MAIN/UDET: 137.2 A, UDET/LDET: -300V",27,-0.168094,129.81717484935484,300,36.09953,134.4737447977652,120.00976135103943,300,0.007222019,0,0,137,137,1.034e-8,-1499.4992412746585,0
8628,1760378195000,"alibration run, source lin pos: 34.0, 2D: 3.7 units, HV: -27kV, MAIN/UDET: 137.2 A, UDET/LDET: -300V",27,0.03537,129.80480305199484,300,36.00671,134.472864508912,120.00616137941773,300,0.007210739,0,0,137,137,1.039e-8,-1499.437908496732,0
8627,1760376263000,"calibration run, source lin pos: 34.7, 2D: 2.7 units, HV: -27kV, MAIN/UDET: 137.2 A, UDET/LDET: -300V",27,-0.168094,129.7958909555334,300,36.08924,134.47120567468497,120.00784015655518,300,0.007224029,0,0,137,137,1.039e-8,-1499.3529411764705,0
8626,1760374200000,"calibration run, source lin pos: 34.4, 2D: 2.7 units, HV: -27kV, MAIN/UDET: 137.2 A, UDET/LDET: -300V",27,0.03537,129.75992384803095,300,36.0808,134.46947533618444,120.00194146167273,300,0.00723823,0,0,137,137,1.056e-8,-1499.4727891156463,0
8625,1760372077000,"calibration run, source lin pos: 32.8, 2D: 2.7 units, HV: -27kV, MAIN/UDET: 137.2 A, UDET/LDET: -300V",27,0.03537,129.76065221715857,300,36.03508,134.4688670188869,119.99472216601785,300,0.007238169,0,0,137,137,1.058e-8,-1499.4674868189807,0
8624,1760370155000,"calibration run, source lin pos: 33.2, 2D: 2.7 units, HV: -27kV, MAIN/UDET: 137.2 A, UDET/LDET: -300V",27,0.03537,129.7749651645092,300,36.04969,134.47156292784447,119.98622297773174,300,0.007236299,0,0,137,137,1.074e-8,-1499.4727592267136,0
8623,1760367901000,"calibration run, source lin pos: 33.6, 2D: 2.7 units, HV: -27kV, MAIN/UDET: 137.2 A, UDET/LDET: -300V",27,-0.168094,129.79744109474277,300,36.14913,134.4703573416503,119.998347454574,300,0.007248515,0,0,137,137,1.09e-8,-1499.487212276215,0
8622,1760365357000,"calibration run, source lin pos: 34.0, 2D: 2.7 units, HV: -27kV, MAIN/UDET: 137.2 A, UDET/LDET: -300V",27,0.03537,129.794364579227,300,36.11331,134.46334662273608,119.9943595458543,300,0.007278982,0,0,137,137,1.128e-8,-1499.4172661870505,0
8621,1760286995000,"Continuation of yesterday's overnight proton run-New Config, MAIN/UDET 137.2 A, HV -27 kV, U/LDET -300V, ExB -1.5 kV, shutter open, change to proton & electron energy window 80->90 adc",27,0.03537,129.83107996687795,300,37.12114,134.4705196981964,119.99999148462616,300,0.007482774,1588,1,137,137,1.497e-8,-1499.3675803722504,0
8620,1760198525000,"Continuation of yesterday's overnight proton run-New Config, MAIN/UDET 137.2 A, HV -27 kV, U/LDET -300V, ExB -1.5 kV, shutter open, change to proton & electron energy window 80->90 adc",27,0.238834,129.82225609898612,300,37.114,134.46375674718072,120.00228421309184,300,0.007507915,1779,2,137,137,1.521e-8,-1499.4035314161804,0
8619,1760125498000,"New Config, MAIN/UDET 137.2 A, HV -27 kV, U/LDET -300V, ExB -1.5 kV, shutter open, change to proton & electron energy window 80->90 adc",27,0.03537,129.8968931254447,300,37.05047,134.4382163775907,120.00167272397591,300,0.007545282,1789,2,137,137,1.486e-8,-1499.2418963150672,0
8618,1760124822000,"config test HV -27 kV, magnet full field, shutter open, proton upper and electron lower threshold set at 90 adc",27,-0.168094,129.91227213541666,300,36.83694,134.431396484375,120.00845753062855,300,0.007433663,1793,2,137,137,1.349e-8,-1499.125,0
8617,1760124640000,"config test HV -27 kV, magnet full field, shutter open, standard config",27,-0.168094,129.91512084960937,300,36.88579,134.4307177734375,120.00828308105469,300,0.007421174,1793,2,137,137,1.35e-8,-1499.1538461538462,0
8616,1760124452000,ramping to HV -26>-27kV at 10V/s,27,-0.168094,129.93134373256137,300,36.81874,134.43042471749442,120.00860290527343,300,0.007414963,1793,2,137,137,1.348e-8,-1499,0
8615,1760124296000,ramping to HV -25>-26kV at 10V/s,26,-0.168094,129.91103190760458,300,36.85867,134.4300271311114,120.00916388727003,300,0.007419393,1792,2,137,137,1.342e-8,-1499,0
8614,1760124125000,ramping to HV -24>-25kV at 10V/s,24,-0.168094,129.90378778631037,300,36.87279,134.42949811150046,120.01023730109719,300,0.007423865,1799,2,137,137,1.342e-8,-1499,0
8613,1760123967000,ramping to HV -23>-24kV at 10V/s,24,-0.168094,129.9295949935913,300,36.85903,134.42930140639797,120.0106684366862,300,0.007418216,1804,2,137,137,1.34e-8,-1499,0
8612,1760123830000,ramping to HV -22>-23kV at 10V/s,23,-0.168094,129.93328475952148,300,36.85464,134.42892512568721,120.00966898600261,300,0.007419615,1808,2,137,137,1.336e-8,-1499.076923076923,0
8611,1760123678000,ramping to HV -21>-22kV at 10V/s,22,0.03537,129.92025707614036,300,36.84951,134.42859751383463,120.00820287068684,300,0.007419922,1808,2,137,137,1.332e-8,-1499,0
8610,1760123509000,ramping to HV -20>-21kV at 10V/s,20,-0.168094,129.90649904523576,300,36.92123,134.42832946777344,120.00718660707827,300,0.007414334,1808,2,137,137,1.331e-8,-1499,0
8609,1760123269000,ramping to HV -10kV-> -20kV at 50V/s,15,0.03537,129.9205617904663,300,36.98713,134.42791163667718,120.00796038039188,300,0.00743474,1808,2,137,137,1.332e-8,-1499.095238095238,0
8608,1760122974000,ramping to HV -10kV at 50V/s,5,0.03537,129.9101371017157,300,36.83048,134.427214977788,120.00894389433019,300,0.007437546,1806,2,137,137,1.327e-8,-1499.047619047619,0
8607,1760122567000,"pulser sweep HV =0, pulser 1.0 V ~70 ADC ",0,0.03537,129.9361114501953,300,36.86915,134.42646316743233,120.00646521339954,300,0.007452683,1801,2,137,137,1.318e-8,-1499.2666666666667,0
8606,1760122240000,"pulser sweep HV =0, pulser 0.571 V ~40 ADC ",0,-0.168094,129.92008601597377,300,36.85995,134.42579224530388,120.00614626267377,300,0.007436369,1800,2,137,137,1.316e-8,-1499,0
8605,1760121900000,"pulser sweep HV =0, pulser 01.143 V ~80 ADC ",0,0.03537,129.92632390411808,300,36.85135,134.42532871791295,120.00446984427316,300,0.007430608,1808,2,137,137,1.305e-8,-1499.1176470588234,0
8604,1760121564000,"pulser sweep HV =0, pulser 0.714 V ~50 ADC 1000x 60 ",0,-0.168094,129.91650755976286,300,36.92798,134.42516982387488,120.00153436795087,300,0.00742086,1808,2,137,137,1.297e-8,-1499.0645161290322,0
8603,1760121198000,"pulser sweep HV =0, pulser 0.857 V 1000x 60 Hz, rest OctoberprotonConfig, shutter open",0,0.03537,129.89945771959094,300,36.86497,134.42488807355855,120.00014076770192,300,0.007406646,1808,2,137,137,1.288e-8,-1499.0645161290322,0
8602,1760121027000,"pulser sweep HV =0, pulser 0.857 V 1000x 60 Hz, rest OctoberprotonConfig",0,0.03537,129.90746980554917,300,35.79912,134.4247651941636,119.99864780201631,300,0.007340261,1808,0,137,137,1.082e-8,-1499,0
8601,1760120617000,"pulser sweep HV =0, pulser 1 V 1000x 60 Hz, rest OctoberprotonConfig",0,-0.168094,129.91756001790364,300,35.81596,134.42456117394852,119.99809693636959,300,0.007349207,1801,0,137,137,1.084e-8,-1499.2051282051282,0
8600,1760120333000,Testing v1.4 revert,0,0.03537,129.91425132751465,300,35.82446,134.42410786946616,119.99566904703777,300,0.007334572,1808,0,137,137,1.084e-8,-1499,0
8599,1760117223000,DAQ Testing,0,0.03537,129.94565124511718,300,35.85789,134.429248046875,119.99104728698731,300,0.007355787,1809,0,137,137,1.091e-8,-1499.1818181818182,0
8598,1760116710000,DAQ Testing,0,-0.168094,129.90336470170453,300,35.86275,134.43041229248047,119.99391746520996,300,0.007368722,1809,0,137,137,1.091e-8,-1499.1666666666667,0
8597,1760115058000,DAQ Testing,0,-0.168094,129.9348289675829,300,35.848,134.43371098215988,119.99456303294112,300,0.007398049,1809,0,132,137,1.105e-8,-1499,0
8596,1760114843000,DAQ Testing,0,0.03537,129.92899946732953,300,35.88733,134.4344024658203,119.99700164794922,300,0.007400363,1809,0,130,137,1.109e-8,-1499,0
8595,1760114424000,DAQ Testing,0,-0.168094,129.9478191028942,300,35.86868,134.4345467307351,119.99909140846945,300,0.007423073,1810,0,125,137,1.117e-8,-1499,0
8594,1760110890000,DAQ Testing,0,0.03537,129.9160456102948,300,35.95973,134.42582164091223,120.0314333747415,300,0.007500213,1810,0,110,137,1.164e-8,-1499.4873949579833,0
8593,1760110661000,DAQ Testing,0,0.03537,129.95455678304037,300,35.93009,134.42511883903953,120.00823660457836,300,0.00749158,1810,0,110,137,1.163e-8,-1499.4736842105262,0
8592,1760110375000,DAQ Testing,0,0.03537,129.93410110473633,300,35.94317,134.42399826049805,120.02470169067382,300,0.007521522,1810,0,110,137,1.168e-8,-1499.5185185185185,0
8591,1760109105000,DAQ Testing,0,0.03537,129.8869514465332,300,35.98998,134.42684213738693,119.99647562127365,300,0.00751906,1810,0,110,137,1.179e-8,-1499.4347826086957,0
8590,1760070041000,"ExB study, ExB -1.5kV, LDET -50V",25,0.03537,129.94528024864587,50,0.07751467,134.43180364701874,119.9990426632547,300,0.007711291,1803,2,110,110,1.49e-8,-1499.2120728929385,0
8589,1760066335000,"ExB study, ExB 0kV, LDET -50V",25,0.03537,129.93916603439368,50,0.07729922,134.4397993358231,119.9945025085374,300,0.007710777,1804,2,110,110,1.489e-8,0,0